source,title,year,venue,doi,arxiv,abstract,authors,url,citations
arxiv,SoK: A Review of Cross-Chain Bridge Hacks in 2023,2025,arXiv,,2501.03423,"Blockchain technology has revolutionized industries by enabling secure and decentralized transactions. However, the isolated nature of blockchain ecosystems hinders the seamless transfer of digital assets across different chains. Cross-chain bridges have emerged as vital web3 infrastructure to address this challenge by facilitating interoperability between distinct blockchains. Cross-chain bridges remain vulnerable to various attacks despite sophisticated designs and security measures. The industry has experienced a surge in bridge attacks, resulting in significant financial losses. The largest hack impacted Axie Infinity Ronin Bridge, with a loss of almost \$600 million USD. This paper analyzes recent cross-chain bridge hacks in 2022 and 2023 and examines the exploited vulnerabilities. By understanding the attack nature and underlying weaknesses, the paper aims to enhance bridge security and propose potential countermeasures. The findings contribute to developing industry-wide standards for bridge security and operational resilience. Addressing the vulnerabilities and weaknesses exploited in recent cross-chain bridge hacks fosters trust and confidence in cross-chain interoperability.",Nikita Belenkov; Valerian Callens; Alexandr Murashkin; Kacper Bak; Martin Derka; Jan Gorzny; Sung-Shine Lee,https://arxiv.org/abs/2501.03423,
arxiv,SoK: Cross-Chain Bridging Architectural Design Flaws and Mitigations,2024,arXiv,,2403.00405,"Cross-chain bridges are solutions that enable interoperability between heterogeneous blockchains. In contrast to the underlying blockchains, the bridges often provide inferior security guarantees and have been targets of hacks causing damage in the range of 1.5 to 2 billion USD in 2022. The current state of bridge architectures is that they are ambiguous, and there is next to no notion of how different architectures and their components are related to different vulnerabilities. Throughout this study, we have analysed 60 different bridges and 34 bridge exploits in the last three years (2021-2023). Our analyses identified 13 architectural components of the bridges. We linked the components to eight types of vulnerabilities, also called design flaws. We identified prevention measures and proposed 11 impact reduction measures based on the existing and possible countermeasures to address the imminent exploits of the design flaws. The results are meant to be used as guidelines for designing and implementing secure cross-chain bridge architectures, preventing design flaws, and mitigating the negative impacts of exploits.",Jakob Svennevik Notland; Jinguye Li; Mariusz Nowostawski; Peter Halland Haro,https://arxiv.org/abs/2403.00405,
arxiv,XChainWatcher: Monitoring and Identifying Attacks in Cross-Chain Bridges,2024,arXiv,,2410.02029,"Cross-chain bridges are a type of middleware for blockchain interoperability that supports the transfer of assets and data across blockchains. However, several of these bridges have vulnerabilities that have caused 3.2 billion dollars in losses since May 2021. Some studies have revealed the existence of these vulnerabilities, but there is little quantitative research available, and there are no safeguard mechanisms to protect bridges from such attacks. Furthermore, no studies are available on the practices of cross-chain bridges that can cause financial losses. We propose \toolName~(Cross-Chain Watcher), a modular and extensible logic-driven anomaly detector for cross-chain bridges. It operates in three main phases: (1) decoding events and transactions from multiple blockchains, (2) building logic relations from the extracted data, and (3) evaluating these relations against a set of detection rules. Using \toolName, we analyze data from two previously attacked bridges: the Ronin and Nomad bridges. \toolName~was able to successfully identify the transactions that led to losses of \$611M and \$190M (USD) and surpassed the results obtained by a reputable security firm in the latter. We not only uncover successful attacks, but also reveal other anomalies, such as 37 cross-chain transactions (\CCTX) that these bridges should not have accepted, failed attempts to exploit Nomad, over \$7.8M worth of tokens locked on one chain but never released on Ethereum, and \$200K lost by users due to inadequate interaction with bridges. We provide the first open dataset of 81,000 \CCTXS~across three blockchains, capturing more than \$4.2B in token transfers.",André Augusto; Rafael Belchior; Jonas Pfannschmidt; André Vasconcelos; Miguel Correia,https://arxiv.org/abs/2410.02029,
arxiv,Blockchain Attacks and Defenses: A Layered and Cross-Domain Survey,2026,arXiv,,2607.06593,"Blockchains have evolved from simple distributed ledgers into programmable platforms that process complex application logic and carry significant financial value. All modern Web3 systems share a common goal: providing secure, decentralized, and trustworthy execution in an increasingly interconnected environment. However, this evolution has shifted the attack surface from isolated infrastructure disruptions to programmable economic abuse and cross-domain exploits. In this article, we focus on the research of blockchain attacks and defenses. In particular, we categorize the threat landscape and corresponding mitigation strategies according to both a four-tier layered architecture (network, cryptographic, consensus, and application) and cross-domain trust boundaries. We seek to answer these important questions: How has the research in blockchain security evolved over the past decade, especially with the rise of decentralized finance (DeFi) and cross-chain interoperability? How do local security assumptions fail when protocols are composed, and what are the driving needs for Web3 security research in the future?",Junjie Hu; Na Ruan,https://arxiv.org/abs/2607.06593,
arxiv,Interoperability Effects: Extending DeFi Lending Risk Models to Multi-Chain Environments,2026,arXiv,,2605.12508,"On-chain lending has expanded across multiple distributed ledgers as DeFi becomes increasingly multi-chain. This environment introduces novel technical and financial mechanisms, particularly cross-blockchain communication and asset transfer protocols, yet cross-chain elements remain understudied in lending protocol risk management. To address this gap, we applied panel regression fixed effects and OLS models to empirically analyze the impact of cross-blockchain interoperability solutions, using TVL and total revenue as performance proxies from October 2022 to January 2025. Our data set covers 15 decentralized lending protocols and 53 cross-chain bridges across 9 EVM-compatible blockchains, categorized as Ethereum, alternative layer-1s, and Ethereum layer-2 networks. The results reveal that cross-chain activity impacts on protocol performance. Bridge volume emerges as a significant explanatory variable. It shows a significant association with TVL and revenue across different categories, though the direction of this effect varies heterogeneously. Increased bridge integrations are generally associated with decreased TVL and protocol revenue across categories, potentially indicating liquidity escapes from these lending ecosystems. Liquidations produce heterogeneous effects across categories. The panel data reveal that new network launches are weakly associated with TVL and revenue, while bridge hacks show no significant relationship. The R-squared values confirm meaningful explanatory power. We further show that Ethereum attracts large depositors, while layer-2s skew toward retail participation. We conclude that effective DeFi risk models should incorporate cross-chain metrics and adopt a layer-aware approach to accurately reflect the evolving multi-chain landscape.",Hasret Ozan Sevim,https://arxiv.org/abs/2605.12508,
arxiv,"Hedge Funds on a Swamp: Analyzing Patterns, Vulnerabilities, and Defense Measures in Blockchain Bridges",2025,arXiv,,2507.06156,"Blockchain bridges have become essential infrastructure for enabling interoperability across different blockchain networks, with more than $24B monthly bridge transaction volume. However, their growing adoption has been accompanied by a disproportionate rise in security breaches, making them the single largest source of financial loss in Web3. For cross-chain ecosystems to be robust and sustainable, it is essential to understand and address these vulnerabilities. In this study, we present a comprehensive systematization of blockchain bridge design and security. We define three bridge security priors, formalize the architectural structure of 13 prominent bridges, and identify 23 attack vectors grounded in real-world blockchain exploits. Using this foundation, we evaluate 43 representative attack scenarios and introduce a layered threat model that captures security failures across source chain, off-chain, and destination chain components. Our analysis at the static code and transaction network levels reveals recurring design flaws, particularly in access control, validator trust assumptions, and verification logic, and identifies key patterns in adversarial behavior based on transaction-level traces. To support future development, we propose a decision framework for bridge architecture design, along with defense mechanisms such as layered validation and circuit breakers. This work provides a data-driven foundation for evaluating bridge security and lays the groundwork for standardizing resilient cross-chain infrastructure.",Poupak Azad; Jiahua Xu; Yebo Feng; Preston Strowbridge; Cuneyt Akcora,https://arxiv.org/abs/2507.06156,
arxiv,QLink: Quantum-Safe Bridge Architecture for Blockchain Interoperability,2025,arXiv,,2512.18488,"Secure interoperability across heterogeneous blockchains remains one of the most pressing challenges in Web3 with existing bridge protocols vulnerable to both classical exploits and emerging quantum threats. This paper introduces QLink a quantum-safe Layer 3 interoperability protocol that integrates postquantum cryptography (PQC) quantum key distribution (QKD) and hardware security modules (HSMs) into a unified validator architecture. To our knowledge, QLink is the first interoperability framework to combine these mechanisms to secure validator communication proof aggregation and key management. Validators exchange encryption keys through QKD channels, achieving information-theoretic security against interception, while cross-chain proofs are generated and aggregated with NIST-standardized PQC algorithms. Private keys remain sealed inside HSM enclaves mitigating the risk of theft or leakage. Deployed as a dedicated Layer 3 protocol QLink operates independently of Layer 1 and Layer 2 chains providing a scalable decentralized foundation for secure cross-chain messaging and asset transfer. Experimental evaluation using network simulations demonstrates that validator communication overhead remains sub-second while security guarantees extend beyond current bridge architectures to resist both classical and quantum adversaries. By addressing today vulnerabilities and anticipating future quantum threats QLink establishes a practical and future-proof pathway for blockchain interoperability.",Joao Vitor Barros Da Silva; Arsh Gupta; Madhusudan Singh Irish Singh,https://arxiv.org/abs/2512.18488,
arxiv,Count of Monte Crypto: Accounting-based Defenses for Cross-Chain Bridges,2024,arXiv,,2410.01107,"Between 2021 and 2023, crypto assets valued at over \$US2.6 billion were stolen via attacks on ""bridges"" -- decentralized services designed to allow inter-blockchain exchange. While the individual exploits in each attack vary, a single design flaw underlies them all: the lack of end-to-end value accounting in cross-chain transactions. In this paper, we empirically analyze 10 million transactions used by key bridges during this period. We show that a simple invariant that balances cross-chain inflows and outflows is compatible with legitimate use, yet precisely identifies every known attack (and several likely attacks) in this data. Further, we show that this approach is not only sufficient for post-hoc audits, but can be implemented in-line in existing bridge designs to provide generic protection against a broad array of bridge vulnerabilities.",Enze Liu; Elisa Luo; Jian Chen Yan; Katherine Izhikevich; Stewart Grant; Deian Stefan; Geoffrey M Voelker; Stefan Savage,https://arxiv.org/abs/2410.01107,
arxiv,Bitcoin Cross-Chain Bridge: A Taxonomy and Its Promise in Artificial Intelligence of Things,2025,arXiv,,2509.10413,"Bitcoin's limited scripting capabilities and lack of native interoperability mechanisms have constrained its integration into the broader blockchain ecosystem, especially decentralized finance (DeFi) and multi-chain applications. This paper presents a comprehensive taxonomy of Bitcoin cross-chain bridge protocols, systematically analyzing their trust assumptions, performance characteristics, and applicability to the Artificial Intelligence of Things (AIoT) scenarios. We categorize bridge designs into three main types: naive token swapping, pegged-asset bridges, and arbitrary-message bridges. Each category is evaluated across key metrics such as trust model, latency, capital efficiency, and DeFi composability. Emerging innovations like BitVM and recursive sidechains are highlighted for their potential to enable secure, scalable, and programmable Bitcoin interoperability. Furthermore, we explore practical use cases of cross-chain bridges in AIoT applications, including decentralized energy trading, healthcare data integration, and supply chain automation. This taxonomy provides a foundational framework for researchers and practitioners seeking to design secure and efficient cross-chain infrastructures in AIoT systems.",Guojun Tang; Carylyne Chan; Ning Nan; Spencer Yang; Jiayu Zhou; Henry Leung; Mohammad Mamun; Steve Drew,https://arxiv.org/abs/2509.10413,
arxiv,Track and Trace: Automatically Uncovering Cross-chain Transactions in the Multi-blockchain Ecosystems,2025,arXiv,,2504.01822,"Cross-chain technology enables seamless asset transfer and message-passing within decentralized finance (DeFi) ecosystems, facilitating multi-chain coexistence in the current blockchain environment. However, this development also raises security concerns, as malicious actors exploit cross-chain asset flows to conceal the provenance and destination of assets, thereby facilitating illegal activities such as money laundering. Consequently, the need for cross-chain transaction traceability has become increasingly urgent. Prior research on transaction traceability has predominantly focused on single-chain and centralized finance (CeFi) cross-chain scenarios, overlooking DeFispecific considerations. This paper proposes ABCTRACER, an automated, bi-directional cross-chain transaction tracing tool, specifically designed for DeFi ecosystems. By harnessing transaction event log mining and named entity recognition techniques, ABCTRACER automatically extracts explicit cross-chain cues. These cues are then combined with information retrieval techniques to encode implicit cues. ABCTRACER facilitates the autonomous learning of latent associated information and achieves bidirectional, generalized cross-chain transaction tracing. Our experiments on 12 mainstream cross-chain bridges demonstrate that ABCTRACER attains 91.75% bi-directional traceability (F1 metrics) with self-adaptive capability. Furthermore, we apply ABCTRACER to real-world cross-chain attack transactions and money laundering traceability, thereby bolstering the traceability and blockchain ecological security of DeFi bridging applications.",Dan Lin; Ziye Zheng; Jiajing Wu; Jingjing Yang; Kaixin Lin; Huan Xiao; Bowen Song; Zibin Zheng,https://arxiv.org/abs/2504.01822,
arxiv,Xscope: Hunting for Cross-Chain Bridge Attacks,2022,arXiv,,2208.07119,"Cross-Chain bridges have become the most popular solution to support asset interoperability between heterogeneous blockchains. However, while providing efficient and flexible cross-chain asset transfer, the complex workflow involving both on-chain smart contracts and off-chain programs causes emerging security issues. In the past year, there have been more than ten severe attacks against cross-chain bridges, causing billions of loss. With few studies focusing on the security of cross-chain bridges, the community still lacks the knowledge and tools to mitigate this significant threat. To bridge the gap, we conduct the first study on the security of cross-chain bridges. We document three new classes of security bugs and propose a set of security properties and patterns to characterize them. Based on those patterns, we design Xscope, an automatic tool to find security violations in cross-chain bridges and detect real-world attacks. We evaluate Xscope on four popular cross-chain bridges. It successfully detects all known attacks and finds suspicious attacks unreported before. A video of Xscope is available at https://youtu.be/vMRO_qOqtXY.",Jiashuo Zhang; Jianbo Gao; Yue Li; Ziming Chen; Zhi Guan; Zhong Chen,https://arxiv.org/abs/2208.07119,
arxiv,ConneX: Automatically Resolving Transaction Opacity of Cross-Chain Bridges for Security Analysis,2025,arXiv,,2511.01393,"As the Web3 ecosystem evolves toward a multi-chain architecture, cross-chain bridges have become critical infrastructure for enabling interoperability between diverse blockchain networks. However, while connecting isolated blockchains, the lack of cross-chain transaction pairing records introduces significant challenges for security analysis like cross-chain fund tracing, advanced vulnerability detection, and transaction graph-based analysis. To address this gap, we introduce ConneX, an automated and general-purpose system designed to accurately identify corresponding transaction pairs across both ends of cross-chain bridges. Our system leverages Large Language Models (LLMs) to efficiently prune the semantic search space by identifying semantically plausible key information candidates within complex transaction records. Further, it deploys a novel examiner module that refines these candidates by validating them against transaction values, effectively addressing semantic ambiguities and identifying the correct semantics. Extensive evaluations on a dataset of about 500,000 transactions from five major bridge platforms demonstrate that ConneX achieves an average F1 score of 0.9746, surpassing baselines by at least 20.05\%, with good efficiency that reduces the semantic search space by several orders of magnitude (1e10 to less than 100). Moreover, its successful application in tracing illicit funds (including a cross-chain transfer worth $1 million) in real-world hacking incidents underscores its practical utility for enhancing cross-chain security and transparency.",Hanzhong Liang; Yue Duan; Xing Su; Xiao Li; Yating Liu; Yulong Tian; Fengyuan Xu; Sheng Zhong,https://arxiv.org/abs/2511.01393,
arxiv,The Walls Have Ears: Unveiling Cross-Chain Sandwich Attacks in DeFi,2025,arXiv,,2511.15245,"Cross-chain interoperability is a core component of modern blockchain infrastructure, enabling seamless asset transfers and composable applications across multiple blockchain ecosystems. However, the transparency of cross-chain messages can inadvertently expose sensitive transaction information, creating opportunities for adversaries to exploit value through manipulation or front-running strategies. In this work, we investigate cross-chain sandwich attacks targeting liquidity pool-based cross-chain bridge protocols. We uncover a critical vulnerability where attackers can exploit events emitted on the source chain to learn transaction details on the destination chain before they appear in the destination chain mempool. This information advantage allows attackers to strategically place front-running and back-running transactions, ensuring that their front-running transactions always precede those of existing MEV bots monitoring the mempool of the destination chain. Moreover, current sandwich-attack defenses are ineffective against this new cross-chain variant. To quantify this threat, we conduct an empirical study using two months (August 10 to October 10, 2025) of cross-chain transaction data from the Symbiosis protocol and a tailored heuristic detection model. Our analysis identifies attacks that collectively garnered over \(5.27\) million USD in profit, equivalent to 1.28\% of the total bridged volume.",Chuanlei Li; Zhicheng Sun; Jing Xin Yuu; Xuechao Wang,https://arxiv.org/abs/2511.15245,
arxiv,HyperService: Interoperability and Programmability Across Heterogeneous Blockchains,2019,arXiv,,1908.09343,"Blockchain interoperability, which allows state transitions across different blockchain networks, is critical functionality to facilitate major blockchain adoption. Existing interoperability protocols mostly focus on atomic token exchange between blockchains. However, as blockchains have been upgraded from passive distributed ledgers into programmable state machines (thanks to smart contracts), the scope of blockchain interoperability goes beyond just token exchange. In this paper, we present HyperService, the first platform that delivers interoperability and programmability across heterogeneous blockchains. HyperService is powered by two innovative designs: (i) a developer-facing programming framework that allows developers to build cross-chain applications in a unified programming model; and (ii) a secure blockchain-facing cryptography protocol that provably realizes those applications on blockchains. We implement a prototype of HyperService in about 35,000 lines of code to demonstrate its practicality. Our experiment results show that HyperService imposes reasonable latency, in order of seconds, on the end-to-end execution of cross-chain applications",Zhuotao Liu; Yangxi Xiang; Jian Shi; Peng Gao; Haoyu Wang; Xusheng Xiao; Bihan Wen; Yih-Chun Hu,https://arxiv.org/abs/1908.09343,
arxiv,"SoK: Security of Cross-chain Bridges: Attack Surfaces, Defenses, and Open Problems",2023,arXiv,,2312.12573,"Cross-chain bridges are used to facilitate token and data exchanges across blockchains. Although bridges are becoming increasingly popular, they are still in their infancy and have been attacked multiple times recently, causing significant financial loss. Although there are numerous reports online explaining each of the incidents on cross-chain bridges, they are scattered over the Internet, and there is no work that analyzes the security landscape of cross-chain bridges in a holistic manner. To fill the gap, in this paper, we performed a systematic study of cross-chain bridge security issues. First, we summarize the characteristics of existing cross-chain bridges, including their usages, verification mechanisms, communication models, and three categorizations. Based on these characteristics, we identify 12 potential attack vectors that attackers may exploit. Next, we introduce a taxonomy that categorizes cross-chain attacks in the past two years into 10 distinct types, and then provide explanations for each vulnerability type, accompanied by Solidity code examples. We also discuss existing and potential defenses, as well as open questions and future research directions on cross-chain bridges. We believe that this systematization can shed light on designing and implementing cross-chain bridges with higher security and, more importantly, facilitating future research on building a better cross-chain bridge ecosystem.",Mengya Zhang; Xiaokuan Zhang; Josh Barbee; Yinqian Zhang; Zhiqiang Lin,https://arxiv.org/abs/2312.12573,
arxiv,SmartAxe: Detecting Cross-Chain Vulnerabilities in Bridge Smart Contracts via Fine-Grained Static Analysis,2024,arXiv,10.1145/3643738,2406.15999,"With the increasing popularity of blockchain, different blockchain platforms coexist in the ecosystem (e.g., Ethereum, BNB, EOSIO, etc.), which prompts the high demand for cross-chain communication. Cross-chain bridge is a specific type of decentralized application for asset exchange across different blockchain platforms. Securing the smart contracts of cross-chain bridges is in urgent need, as there are a number of recent security incidents with heavy financial losses caused by vulnerabilities in bridge smart contracts, as we call them Cross-Chain Vulnerabilities (CCVs). However, automatically identifying CCVs in smart contracts poses several unique challenges. Particularly, it is non-trivial to (1) identify application-specific access control constraints needed for cross-bridge asset exchange, and (2) identify inconsistent cross-chain semantics between the two sides of the bridge. In this paper, we propose SmartAxe, a new framework to identify vulnerabilities in cross-chain bridge smart contracts. Particularly, to locate vulnerable functions that have access control incompleteness, SmartAxe models the heterogeneous implementations of access control and finds necessary security checks in smart contracts through probabilistic pattern inference. Besides, SmartAxe constructs cross-chain control-flow graph (xCFG) and data-flow graph (xDFG), which help to find semantic inconsistency during cross-chain data communication. To evaluate SmartAxe, we collect and label a dataset of 88 CCVs from real-attacks cross-chain bridge contracts. Evaluation results show that SmartAxe achieves a precision of 84.95% and a recall of 89.77%. In addition, SmartAxe successfully identifies 232 new/unknown CCVs from 129 real-world cross-chain bridge applications (i.e., from 1,703 smart contracts). These identified CCVs affect a total amount of digital assets worth 1,885,250 USD.",Zeqin Liao; Yuhong Nan; Henglong Liang; Sicheng Hao; Juan Zhai; Jiajing Wu; Zibin Zheng,https://arxiv.org/abs/2406.15999,
arxiv,Security Threats and Their Impact on Blockchain Interoperability: Identification and Countermeasures,2026,arXiv,,2606.14554,"Blockchain interoperability enables independent blockchain systems to communicate and exchange assets across heterogeneous networks. However, the lack of comprehensive security mechanisms remains a critical weakness -- one that attackers have already exploited to cause hundreds of millions of dollars in asset losses. This paper presents a systematic identification and classification of security threats facing interoperable blockchain systems, along with corresponding countermeasures for each. We organize threats into five categories: (1) core blockchain attacks, (2) network attacks, (3) interoperability-specific attacks, (4) social engineering, and (5) code vulnerabilities, with particular attention to smart contract weaknesses. For each identified threat, we analyze its attack surface and propose effective defensive strategies. The resulting taxonomy provides a structured foundation for designing and evaluating secure blockchain interoperability solutions.",Shawn M. Reynolds; Hassan Reza,https://arxiv.org/abs/2606.14554,
arxiv,The Price of Interoperability: Exploring Cross-Chain Bridges and Their Economic Consequences,2026,arXiv,10.1145/3805650,2604.03083,"Modern blockchain ecosystems comprise many heterogeneous networks, creating a growing need for interoperability. Cross-chain bridges provide the core infrastructure for this interoperability by enabling verifiable state transitions that move assets and liquidity across chains. While prior work has focused mainly on bridge design and security, the system-level and economic consequences of cross-chain liquidity interoperability remain less understood. We present a large-scale empirical measurement study of cross-chain interoperability using a dataset spanning 20 blockchains and 16 major bridge protocols from 2022 to 2025. We model the multi-chain ecosystem as a time-varying weighted hypergraph and introduce two complementary metrics. Structural interoperability captures connectivity created by deployed bridge infrastructure, reflecting bridge coverage and redundancy independent of user behavior. Active interoperability captures realized cross-chain usage, measured by normalized transfer activity. This decomposition separates infrastructure capacity from actual utilization and yields several findings. The cross-chain network evolves from a sparse hub-and-spoke structure into a denser multi-hub core led by EVM-compatible chains. Bridge expansion and chain growth are uneven: some chains achieve broad structural access but limited realized usage, whereas others concentrate activity through a small set of routes. Overall, interoperability provision and interoperability use diverge substantially, showing that connectivity alone does not imply economically meaningful integration. These results provide a measurement framework for understanding how cross-chain infrastructure reshapes blockchain market structure and liquidity organization.",Yiyue Cao; Mingzhe Zheng; Lin William Cong; Siguang Li; Xuechao Wang,https://arxiv.org/abs/2604.03083,
arxiv,XChainDataGen: A Cross-Chain Dataset Generation Framework,2025,arXiv,,2503.13637,"The number of blockchain interoperability protocols for transferring data and assets between blockchains has grown significantly. However, no open dataset of cross-chain transactions exists to study interoperability protocols in operation. There is also no tool to generate such datasets and make them available to the community. This paper proposes XChainDataGen, a tool to extract cross-chain data from blockchains and generate datasets of cross-chain transactions (cctxs). Using XChainDataGen, we extracted over 35 GB of data from five cross-chain protocols deployed on 11 blockchains in the last seven months of 2024, identifying 11,285,753 cctxs that moved over 28 billion USD in cross-chain token transfers. Using the data collected, we compare protocols and provide insights into their security, cost, and performance trade-offs. As examples, we highlight differences between protocols that require full finality on the source blockchain and those that only demand soft finality (\textit{security}). We compare user costs, fee models, and the impact of variables such as the Ethereum gas price on protocol fees (\textit{cost}). Finally, we produce the first analysis of the implications of EIP-7683 for cross-chain intents, which are increasingly popular and greatly improve the speed with which cctxs are processed (\textit{performance}), thereby enhancing the user experience. The availability of XChainDataGen and this dataset allows various analyses, including trends in cross-chain activity, security assessments of interoperability protocols, and financial research on decentralized finance (DeFi) protocols.",André Augusto; André Vasconcelos; Miguel Correia; Luyao Zhang,https://arxiv.org/abs/2503.13637,
arxiv,CrossLink: A Decentralized Framework for Secure Cross-Chain Smart Contract Execution,2025,arXiv,10.1109/icbc64466.2025.11185102,2504.09319,"This paper introduces CrossLink, a decentralized framework for secure cross-chain smart contract execution that effectively addresses the inherent limitations of contemporary solutions, which primarily focus on asset transfers and rely on potentially vulnerable centralized intermediaries. Recognizing the escalating demand for seamless interoperability among decentralized applications, CrossLink provides a trustless mechanism for smart contracts across disparate blockchain networks to communicate and interact. At its core, CrossLink utilizes a compact chain for selectively storing authorized contract states and employs a secure inter-chain messaging mechanism to ensure atomic execution and data consistency. By implementing a deposit/collateral fee system and efficient state synchronization, CrossLink enhances security and mitigates vulnerabilities, offering a novel approach to seamless, secure, and decentralized cross-chain interoperability. A formal security analysis further validates CrossLink's robustness against unauthorized modifications and denial-of-service attacks.",Tahrim Hossain; Faisal Haque Bappy; Tarannum Shaila Zaman; Tariqul Islam,https://arxiv.org/abs/2504.09319,
arxiv,Blockchain Interoperability Landscape,2022,arXiv,,2212.09227,"Blockchain has become a popular emergent technology in many industries. It is suitable for a broad range of applications, from its base role as an immutable distributed ledger to the deployment of distributed applications. Many organizations are adopting the technology, but choosing a specific blockchain implementation in an emerging field exposes them to significant technology risk. Selecting the wrong implementation could expose an organization to security vulnerabilities, reduce access to its target audience, or cause issues in the future when switching to a more mature protocol. Blockchain interoperability aims to solve this adaptability problem by increasing the extensibility of blockchain, enabling the addition of new use cases and features without sacrificing the performance of the original blockchain. However, most existing blockchain platforms need to be designed for interoperability, and simple operations like sending assets across platforms create problems. Cryptographic protocols that are secure in isolation may become insecure when several different (individually secure) protocols are composed. Similarly, utilizing trusted custodians may undercut most of the benefits of decentralization offered by blockchain-based systems. Even though there is some research and development in the field of blockchain interoperability, a characterization of the interoperability solutions for various infrastructure options is lacking. This paper presents a methodology for characterizing blockchain interoperability solutions that will help focus on new developments and evaluate existing and future solutions in this space.",Inwon Kang; Aparna Gupta; Oshani Seneviratne,https://arxiv.org/abs/2212.09227,
arxiv,Exploiting Liquidity Exhaustion Attacks in Intent-Based Cross-Chain Bridges,2026,arXiv,,2602.17805,"Intent-based cross-chain bridges have emerged as an alternative to traditional interoperability protocols by allowing off-chain entities (\emph{solvers}) to immediately fulfill users' orders by fronting their own liquidity. While improving user experience, this approach introduces new systemic risks, such as solver liquidity concentration and delayed settlement. In this paper, we propose a new class of attacks called \emph{liquidity exhaustion attacks} and a replay-based parameterized attack simulation framework. We analyze 3.5 million cross-chain intents that moved \$9.24B worth of tokens between June and November 2025 across three major protocols (Mayan Swift, Across, and deBridge), spanning nine blockchains. For rational attackers, our results show that protocols with higher solver profitability, such as deBridge, are vulnerable under current parameters: 210 historical attack instances yield a mean net profit of \$286.14, with 80.5\% of attacks profitable. In contrast, Across remains robust in all tested configurations due to low solver margins and very high liquidity, while Mayan Swift is generally secure but becomes vulnerable under stress-test conditions. Under byzantine attacks, we show that it is possible to suppress availability across all protocols, causing dozens of failed intents and solver profit losses of up to \$978 roughly every 16 minutes. Finally, we propose an optimized attack strategy that exploits patterns in the data to reduce attack costs by up to 90.5\% compared to the baseline, lowering the barrier to liquidity exhaustion attacks.",André Augusto; Christof Ferreira Torres; André Vasconcelos; Miguel Correia,https://arxiv.org/abs/2602.17805,
arxiv,Connecting Distributed Ledgers: Surveying Novel Interoperability Solutions in On-chain Finance,2026,arXiv,,2603.21797,"This paper emphasizes the critical role of interoperability in enabling efficient and secure communication for the fragmented distributed ledger ecosystem, particularly within on-chain finance. The purpose of this study is to streamline and accelerate empirical research on the intersection of cross-chain interoperability solutions and their impact within on-chain finance. The analysis examines the relationship between financial use and interoperability while comparing the properties of novel cross-chain interoperability protocols (LayerZero, Wormhole, Connext, Chainlink Cross-Chain Interoperability Protocol, Circle Cross-chain Transfer Protocol, Hop Protocol, Across, Polkadot, and Cosmos), focusing on their design, mechanisms, consensus, and limitations. To encourage further empirical study, the paper proposes a set of network metrics and sample statistical models and provides a framework for evaluating the performance and financial implications of interoperability solutions.",Hasret Ozan Sevim,https://arxiv.org/abs/2603.21797,
arxiv,Towards Secure and Trustworthy DAOs for Cross-Chain Governance,2026,arXiv,,2607.16548,"Cross-chain DAOs face unique security challenges that go beyond traditional single-chain vulnerabilities. This paper identifies and categorizes four critical attack vectors in cross-chain DAO governance: bribery attacks, token control exploits, human-computer interaction deceptions, and protocol vulnerabilities. We propose a comprehensive security framework with a multi-layered architecture that integrates cryptographic trust anchors, fraud-resistant consensus mechanisms, and decentralized validation techniques to address these threats. Our framework introduces novel components, including a Governance Kernel with on-chain rule verification, a Cross-Chain Trust Layer using threshold cryptography, and a Resilience Layer offering time-locked decision reversals and progressive dispute resolution. By establishing a structured set of countermeasures, this work lays the foundation for secure, transparent, and attack-resistant governance across diverse blockchain environments.",Faisal Haque Bappy; Tahrim Hossain; Tarannum Shaila Zaman; Tariqul Islam,https://arxiv.org/abs/2607.16548,
arxiv,"HybridChain: Fast, Accurate, and Secure Transaction Processing with Distributed Learning",2023,arXiv,,2310.08839,"In order to fully unlock the transformative power of distributed ledgers and blockchains, it is crucial to develop innovative consensus algorithms that can overcome the obstacles of security, scalability, and interoperability, which currently hinder their widespread adoption. This paper introduces HybridChain that combines the advantages of sharded blockchain and DAG distributed ledger, and a consensus algorithm that leverages decentralized learning. Our approach involves validators exchanging perceptions as votes to assess potential conflicts between transactions and the witness set, representing input transactions in the UTXO model. These perceptions collectively contribute to an intermediate belief regarding the validity of transactions. By integrating their beliefs with those of other validators, localized decisions are made to determine validity. Ultimately, a final consensus is achieved through a majority vote, ensuring precise and efficient validation of transactions. Our proposed approach is compared to the existing DAG-based scheme IOTA and the sharded blockchain Omniledger through extensive simulations. The results show that IOTA has high throughput and low latency but sacrifices accuracy and is vulnerable to orphanage attacks especially with low transaction rates. Omniledger achieves stable accuracy by increasing shards but has increased latency. In contrast, the proposed HybridChain exhibits fast, accurate, and secure transaction processing, and excellent scalability.",Amirhossein Taherpour; Xiaodong Wang,https://arxiv.org/abs/2310.08839,
arxiv,"Horizon: A Gas-Efficient, Trustless Bridge for Cross-Chain Transactions",2021,arXiv,,2101.06000,"With the rise of digital currency systems that rely on blockchain to ensure ledger security, the ability to perform cross-chain transactions is becoming a crucial interoperability requirement. Such transactions allow not only funds to be transferred from one blockchain to another (as done in atomic swaps), but also a blockchain to verify the inclusion of any event on another blockchain. Cross-chain bridges are protocols that allow on-chain exchange of cryptocurrencies, on-chain transfer of assets to sidechains, and cross-shard verification of events in sharded blockchains, many of which rely on Byzantine fault tolerance (BFT) for scalability. Unfortunately, existing bridge protocols that can transfer funds from a BFT blockchain incur significant computation overhead on the destination blockchain, resulting in a high gas cost for smart contract verification of events. In this paper, we propose Horizon, a gas-efficient, cross-chain bridge protocol to transfer assets from a BFT blockchain to another blockchain (e.g., Ethereum) that supports basic smart contract execution.",Rongjian Lan; Ganesha Upadhyaya; Stephen Tse; Mahdi Zamani,https://arxiv.org/abs/2101.06000,
arxiv,Secure Cross-Chain Provenance for Digital Forensics Collaboration,2024,arXiv,,2406.11729,"In digital forensics and various sectors like medicine and supply chain, blockchains play a crucial role in providing a secure and tamper-resistant system that meticulously records every detail, ensuring accountability. However, collaboration among different agencies, each with its own blockchains, creates challenges due to diverse protocols and a lack of interoperability, hindering seamless information sharing. Cross-chain technology has been introduced to address these challenges. Current research about blockchains in digital forensics, tends to focus on individual agencies, lacking a comprehensive approach to collaboration and the essential aspect of cross-chain functionality. This emphasizes the necessity for a framework capable of effectively addressing challenges in securely sharing case information, implementing access controls, and capturing provenance data across interconnected blockchains. Our solution, ForensiCross, is the first cross-chain solution specifically designed for digital forensics and provenance. It includes BridgeChain and features a unique communication protocol for cross-chain and multi-chain solutions. ForensiCross offers meticulous provenance capture and extraction methods, mathematical analysis to ensure reliability, scalability considerations for a distributed intermediary in collaborative blockchain contexts, and robust security measures against potential vulnerabilities and attacks. Analysis and evaluation results indicate that ForensiCross is secure and, despite a slight increase in communication time, outperforms in node count efficiency and has secure provenance extraction. As an all-encompassing solution, ForensiCross aims to simplify collaborative investigations by ensuring data integrity and traceability.",Asma Jodeiri Akbarfam; Gokila Dorai; Hoda Maleki,https://arxiv.org/abs/2406.11729,
arxiv,Auditable Ledger Snapshot for Non-Repudiable Cross-Blockchain Communication,2025,arXiv,,2511.16560,"Blockchain interoperability is increasingly recognized as the centerpiece for robust interactions among decentralized services. Blockchain ledgers are generally tamper-proof and thus enforce non-repudiation for transactions recorded within the same network. However, such a guarantee does not hold for cross-blockchain transactions. When disruptions occur due to malicious activities or system failures within one blockchain network, foreign networks can take advantage by denying legitimate claims or mounting fraudulent liabilities against the defenseless network. In response, this paper introduces InterSnap, a novel blockchain snapshot archival methodology, for enabling auditability of crossblockchain transactions, enforcing non-repudiation. InterSnap introduces cross-chain transaction receipts that ensure their irrefutability. Snapshots of ledger data along with these receipts are utilized as non-repudiable proof of bilateral agreements among different networks. InterSnap enhances system resilience through a distributed snapshot generation process, need-based snapshot scheduling process, and archival storage and sharing via decentralized platforms. Through a prototype implementation based on Hyperledger Fabric, we conducted experiments using on-premise machines, AWS public cloud instances, as well as a private cloud infrastructure. We establish that InterSnap can recover from malicious attacks while preserving crosschain transaction receipts. Additionally, our proposed solution demonstrates adaptability to increasing loads while securely transferring snapshot archives with minimal overhead.",Tirthankar Sengupta; Bishakh Chandra Ghosh; Sandip Chakraborty; Shamik Sural,https://arxiv.org/abs/2511.16560,
arxiv,Towards Policy-Enabled Multi-Hop Routing for Cross-Chain Message Delivery,2026,arXiv,,2604.04890,"Blockchain ecosystems face a significant issue with liquidity fragmentation, as applications and assets are distributed across many public chains with each only accessible by subset of users. Cross-chain communication was designed to address this by allowing chains to interoperate, but existing solutions limit communication to directly connected chains or route traffic through hubs that create bottlenecks and centralization risks. In this paper, we introduce xRoute, a cross-chain routing and message-delivery framework inspired by traditional networks. Our design brings routing, name resolution, and policy-based delivery to the blockchain setting. It allows applications to specify routing policies, enables destination chains to verify that selected routes satisfy security requirements, and uses a decentralized relayer network to compute routes and deliver messages without introducing a trusted hub. Experiments on the chains supporting the Inter-Blockchain Communication (IBC) protocol show that our approach improves connectivity, decentralization, and scalability compared to hub-based designs, particularly under heavy load.",Amin Rezaei; Solomon L. Davidson; Bernard Wong,https://arxiv.org/abs/2604.04890,
arxiv,Data Storage in the Decentralized World: Blockchain and Derivatives,2020,arXiv,10.26650/b/et06.2020.011.03,2012.10253,"We have entered an era where the importance of decentralized solutions has become more obvious. Blockchain technology and its derivatives are distributed ledger technologies that keep the registry of data between peers of a network. This ledger is secured within a successive over looping cryptographic chain. The accomplishment of the Bitcoin cryptocurrency proved that blockchain technology and its derivatives could be used to eliminate intermediaries and provide security for cyberspace. However, there are some challenges in the implementation of blockchain technology. This chapter first explains the concept of blockchain technology and the data that we can store therein. The main advantage of blockchain is the security services that it provides. This section continues by describing these services.. The challenges of blockchain; blockchain anomalies, energy consumption, speed, scalability, interoperability, privacy and cryptology in the age of quantum computing are described. Selected solutions for these challenges are given. Remarkable derivatives of blockchain, which use different solutions (directed acyclic graph, distributed hash table, gossip consensus protocol) to solve some of these challenges are described. Then the data storage in blockchain and evolving data solutions are explained. The comparison of decentralized solutions with the lcentralized database systems is given. A multi-platform interoperable scalable architecture (MPISA) is proposed. In the conclusion we include the evolution assumptions of data storage in a decentralized world.",E. Karaarslan; E. Konacaklı,https://arxiv.org/abs/2012.10253,
arxiv,"Mastering AI: Big Data, Deep Learning, and the Evolution of Large Language Models -- Blockchain and Applications",2024,arXiv,,2410.10110,"A detailed exploration of blockchain technology and its applications across various fields is provided, beginning with an introduction to cryptography fundamentals, including symmetric and asymmetric encryption, and their roles in ensuring security and trust within blockchain systems. The structure and mechanics of Bitcoin and Ethereum are then examined, covering topics such as proof-of-work, proof-of-stake, and smart contracts. Practical applications of blockchain in industries like decentralized finance (DeFi), supply chain management, and identity authentication are highlighted. The discussion also extends to consensus mechanisms and scalability challenges in blockchain, offering insights into emerging technologies like Layer 2 solutions and cross-chain interoperability. The current state of academic research on blockchain and its potential future developments are also addressed.",Pohsun Feng; Ziqian Bi; Lawrence K. Q. Yan; Yizhu Wen; Benji Peng; Junyu Liu; Caitlyn Heqi Yin; Tianyang Wang,https://arxiv.org/abs/2410.10110,
arxiv,General Purpose Atomic Crosschain Transactions,2020,arXiv,,2011.12783,"The General Purpose Atomic Crosschain Transaction protocol allows composable programming across multiple Ethereum blockchains. It allows for inter-contract and inter-blockchain function calls that are both synchronous and atomic: if one part fails, the whole call execution tree of function calls is rolled back. The protocol operates on existing Ethereum blockchains without modification. It works for both public permissioned and consortium blockchains. Additionally, the protocol is expected to work across heterogeneous blockchains other than Ethereum. This paper describes the protocol, analyses it in terms of Gas usage and Finalised Block Periods for three scenarios: reading a value from one blockchain to another, writing a value from one blockchain to another, and a trade finance system involving five contracts on five blockchains with a complex call execution tree, and provides an initial security analysis that shows that the protocol has Safety and Liveness properties.",Peter Robinson; Raghavendra Ramesh,https://arxiv.org/abs/2011.12783,
arxiv,SurferMonkey: A Decentralized Anonymous Blockchain Intercommunication System via Zero Knowledge Proofs,2022,arXiv,,2210.13242,"Blockchain intercommunication systems enable the exchanges of messages between blockchains. This interoperability promotes innovation, unlocks liquidity and access to assets. However, blockchains are isolated systems that originally were not designed for interoperability. This makes cross-chain communication, or bridges for short, insecure by nature. More precisely, cross-chain systems face security challenges in terms of selfish rational players such as maximal extractable value (MEV) and censorship. We propose to solve these challenges using zero knowledge proofs (ZKPs) for cross-chain communication. Securing cross-chain communication is remarkably more complex than securing single-chain events as such a system must preserve user security against both on- and off-chain analysis. To achieve this goal, we propose the following pair of contributions: the DACT protocol and the SurferMonkey infrastructure that supports the DACT protocol. The DACT protocol is a global solution for the anonymity and security challenges of agnostic blockchain intercommunication. DACT breaks on- and off-chain analysis thanks to the use of ZKPs. SurferMonkey is a decentralized infrastructure that implements DACT in practice. Since SurferMonkey works at the blockchain application layer, any decentralized application (dApp) can use SurferMonkey to send any type of message to a dApp on another blockchain. With SurferMonkey, users can neither be censored nor be exposed to MEV. By applying decentralized proactive security, we obtain resilience against selfish rational players, and raise the security bar against cyberattacks. We have implemented a proof of concept (PoC) of SurferMonkey by reverse engineering Tornado Cash and by applying IDEN3 ZKP circuits. SurferMonkey enables new usecases, ranging from anonymous voting and gaming, to a new phase of anonymous decentralized finance (aDeFi).",Miguel Díaz Montiel; Rachid Guerraoui; Pierre-Louis Roman,https://arxiv.org/abs/2210.13242,
arxiv,Safeguarding Blockchain Ecosystem: Understanding and Detecting Attack Transactions on Cross-chain Bridges,2024,arXiv,10.1145/3696410.3714604,2410.14493,"Cross-chain bridges are essential decentralized applications (DApps) to facilitate interoperability between different blockchain networks. Unlike regular DApps, the functionality of cross-chain bridges relies on the collaboration of information both on and off the chain, which exposes them to a wider risk of attacks. According to our statistics, attacks on cross-chain bridges have resulted in losses of nearly 4.3 billion dollars since 2021. Therefore, it is particularly necessary to understand and detect attacks on cross-chain bridges. In this paper, we collect the largest number of cross-chain bridge attack incidents to date, including 49 attacks that occurred between June 2021 and September 2024. Our analysis reveal that attacks against cross-chain business logic cause significantly more damage than those that do not. These cross-chain attacks exhibit different patterns compared to normal transactions in terms of call structure, which effectively indicates potential attack behaviors. Given the significant losses in these cases and the scarcity of related research, this paper aims to detect attacks against cross-chain business logic, and propose the BridgeGuard tool. Specifically, BridgeGuard models cross-chain transactions from a graph perspective, and employs a two-stage detection framework comprising global and local graph mining to identify attack patterns in cross-chain transactions. We conduct multiple experiments on the datasets with 203 attack transactions and 40,000 normal cross-chain transactions. The results show that BridgeGuard's reported recall score is 36.32\% higher than that of state-of-the-art tools and can detect unknown attack transactions.",Jiajing Wu; Kaixin Lin; Dan Lin; Bozhao Zhang; Zhiying Wu; Jianzhong Su,https://arxiv.org/abs/2410.14493,
arxiv,Phantom Events: Demystifying the Issues of Log Forgery in Blockchain,2025,arXiv,,2502.13513,"With the rapid development of blockchain technology, transaction logs play a central role in various applications, including decentralized exchanges, wallets, cross-chain bridges, and other third-party services. However, these logs, particularly those based on smart contract events, are highly susceptible to manipulation and forgery, creating substantial security risks across the ecosystem. To address this issue, we present the first in-depth security analysis of transaction log forgery in EVM-based blockchains, a phenomenon we term Phantom Events. We systematically model five types of attacks and propose a tool designed to detect event forgery vulnerabilities in smart contracts. Our evaluation demonstrates that our approach outperforms existing tools in identifying potential phantom events. Furthermore, we have successfully identified real-world instances for all five types of attacks across multiple decentralized applications. Finally, we call on community developers to take proactive steps to address these critical security vulnerabilities.",Yixuan Liu; Yuxin Dong; Ye Liu; Xiapu Luo; Yi Li,https://arxiv.org/abs/2502.13513,
arxiv,Ping-Pong Swaps,2022,arXiv,,2211.13335,"We propose Ping-Pong Swaps: A secure pure peer-to-peer crosschain swap mechanism of tokens or cryptocurrencies that does not require escrow nor an intermediate trusted third party. The only technical requirement is to be able to open unidirectional payment channels in both blockchain protocols. This allows anonymous cryptocurrency trading without the need of a centralized exchange, nor DEX's in DeFi platforms, nor multisignature escrow systems with penalties. Direct peer-to-peer crosschain swaps can be performed without a bridge platform. This enables the creation of non-custodial exchanges and also a global peer-to-peer market of pairs of tokens or cryptocurrencies. Ping-pong swaps with fiat currency is possible if banks incorporate simple payment channel functionalities. Some immediate applications are simple and fast rebalancing of Lightning Network channels, and wrapping tokens in smartchains.",Cyril Grunspan; Ricardo Perez-Marco,https://arxiv.org/abs/2211.13335,
arxiv,Real AI Agents with Fake Memories: Fatal Context Manipulation Attacks on Web3 Agents,2025,arXiv,,2503.16248,"AI agents integrated with Web3 offer autonomy and openness but raise security concerns as they interact with financial protocols and immutable smart contracts. This paper investigates the vulnerabilities of AI agents within blockchain-based financial ecosystems when exposed to adversarial threats in real-world scenarios. We introduce the concept of context manipulation -- a comprehensive attack vector that exploits unprotected context surfaces, including input channels, memory modules, and external data feeds. It expands on traditional prompt injection and reveals a more stealthy and persistent threat: memory injection. Using ElizaOS, a representative decentralized AI agent framework for automated Web3 operations, we showcase that malicious injections into prompts or historical records can trigger unauthorized asset transfers and protocol violations which could be financially devastating in reality. To quantify these risks, we introduce CrAIBench, a Web3-focused benchmark covering 150+ realistic blockchain tasks. such as token transfers, trading, bridges, and cross-chain interactions, and 500+ attack test cases using context manipulation. Our evaluation results confirm that AI models are significantly more vulnerable to memory injection compared to prompt injection. Finally, we evaluate a comprehensive defense roadmap, finding that prompt-injection defenses and detectors only provide limited protection when stored context is corrupted, whereas fine-tuning-based defenses substantially reduce attack success rates while preserving performance on single-step tasks. These results underscore the urgent need for AI agents that are both secure and fiduciarily responsible in blockchain environments.",Atharv Singh Patlan; Peiyao Sheng; S. Ashwin Hebbar; Prateek Mittal; Pramod Viswanath,https://arxiv.org/abs/2503.16248,
arxiv,Open problems in cross-chain protocols,2021,arXiv,,2101.12412,"Blockchain interoperability is a prominent research field which aims to build bridges between otherwise isolated blockchains. With advances in cryptography, novel protocols are published by academia and applied in different applications and products in the industry. In theory, these innovative protocols provide strong privacy and security guarantees by including formal proofs. However, pure theoretical work often lacks the perspective of real world applications. In this work, we describe a number of hardly researched problems which developers encounter when building cross-chain products.",Thomas Eizinger; Philipp Hoenisch; Lucas Soriano del Pino,https://arxiv.org/abs/2101.12412,
arxiv,On Addressing Isolation in Blockchain-Based Self-Sovereign Identity,2025,arXiv,,2511.18379,"Self-Sovereign Identity (SSI) grants holders full ownership and control of their digital identities, being the ultimate digital identity model. Operating in a decentralized manner, SSI enables the verification of claims, including privacy-preserving mechanisms. Blockchain, which can be used to implement a Verifiable Data Registry (VDR), is often considered one of the pillars of SSI, along with Decentralized Identifiers (DIDs) and Verifiable Credentials (VCs). Unfortunately, blockchains are mostly siloed, affecting the interoperability and universality of SSI. We investigate the effect of blockchain isolation on blockchain-based SSI. We first define possible scenarios for cross-chain SSI and exemplify with real-life use cases. We then define specific requirements for cross-chain SSI and identify challenges, also in relation to the identified scenarios. We explore various solutions to achieve blockchain interoperability, with a focus on SSI. In particular, we identify the advantages and disadvantages of distinct cross-chain models for cross-chain SSI. Finally, we address the usability of cross-chain SSI and discuss security and privacy aspects, opening the way for future research.",Andreea Elena Drăgnoiu; Andrei Ciobanu; Ruxandra F. Olimid,https://arxiv.org/abs/2511.18379,
arxiv,A Blueprint for Interoperable Blockchains,2019,arXiv,,1910.00985,"Research in blockchain systems has mainly focused on improving security and bridging the performance gaps between blockchains and databases. Despite many promising results, we observe a worrying trend that the blockchain landscape is fragmented in which many systems exist in silos. Apart from a handful of general-purpose blockchains, such as Ethereum or Hyperledger Fabric, there are hundreds of others designed for specific applications and typically do not talk to each other. In this paper, we describe our vision of interoperable blockchains. We argue that supporting interaction among different blockchains requires overcoming challenges that go beyond data standardization. The underlying problem is to allow smart contracts running in different blockchains to communicate. We discuss three open problems: access control, general cross-chain transactions, and cross-chain communication. We describe partial solutions to some of these problems in the literature. Finally, we propose a novel design to overcome these challenges.",Tien Tuan Anh Dinh; Anwitaman Datta; Beng Chin Ooi,https://arxiv.org/abs/1910.00985,
arxiv,Mitigating Data Sharing in Public Cloud using Blockchain,2024,arXiv,,2404.16872,"Public Cloud Computing has become a fundamental part of modern IT infrastructure as its adoption has transformed the way businesses operate. However, cloud security concerns introduce new risks and challenges related to data protection, sharing, and access control. A synergistic integration of blockchain with the cloud holds immense potential. Blockchain's distributed ledger ensures transparency, immutability, and efficiency as it reduces the reliance on centralized authorities. Motivated by this, our framework proposes a secure data ecosystem in the cloud with the key aspects being Data Rights, Data Sharing, and Data Validation. Also, this approach aims to increase its interoperability and scalability by eliminating the need for data migration. This will ensure that existing public cloud-based systems can easily deploy blockchain enhancing trustworthiness and non-repudiation of cloud data.",Patil Pratik Vijaykumar; Prerna Tulsiani; Sunil Mane,https://arxiv.org/abs/2404.16872,
arxiv,Cross-chain Sharing of Personal Health Records: Heterogeneous and Interoperable Blockchains,2024,arXiv,,2410.08762,"With the widespread adoption of medical informatics, a wealth of valuable personal health records (PHR) has been generated. Concurrently, blockchain technology has enhanced the security of medical institutions. However, these institutions often function as isolated data silos, limiting the potential value of PHRs. As the demand for data sharing between hospitals on different blockchains grows, addressing the challenge of cross-chain data sharing becomes crucial. When sharing PHRs across blockchains, the limited storage and computational capabilities of medical Internet of Things (IoT) devices complicate the storage of large volumes of PHRs and the handling of complex calculations. Additionally, varying blockchain cryptosystems and the risk of internal attacks further complicate the cross-chain sharing of PHRs. This paper proposes a scheme for sharing PHRs across heterogeneous and interoperable blockchains. Medical IoT devices can encrypt and store real-time PHRs in an InterPlanetary File System, requiring only simple operations for data sharing. An enhanced proxy re-encryption(PRE) algorithm addresses the differences in blockchain cryptosystems. Multi-dimensional analysis demonstrates that this scheme offers robust security and excellent performance.",Yongyang Lv; Xiaohong Li; Yingwenbo Wang; Kui Chen; Zhe Hou; Ruitao Feng,https://arxiv.org/abs/2410.08762,
arxiv,Automated Gateways: A Smart Contract-Powered Solution for Interoperability Across Blockchains,2024,arXiv,10.1109/blockchain62396.2024.00090,2407.13001,"Interoperability is a significant challenge in blockchain technology, hindering seamless data and service sharing across diverse blockchain networks. This study introduces Automated Gateways as a novel framework leveraging smart contracts to facilitate interoperability. Unlike existing solutions, which often require adopting new technologies or relying on external services, Automated Gateways framework is integrated directly with a blockchain's core infrastructure to enhance systems with built-in interoperability features. By implementing fine-grained access control mechanisms, smart contracts within this framework manage accessibility and authorization for cross-chain interactions and facilitate streamlining the selective sharing of services between blockchains. Our evaluation demonstrates the framework's capability to handle cross-chain interactions efficiently, significantly reduce operational complexities, and uphold transactional integrity and security across different blockchain networks. With its focus on user-friendliness, self-managed permissions, and independence from external platforms, this framework is designed to achieve broader adoption within the blockchain community.",Koosha Esmaeilzadeh Khorasani; Sara Rouhani; Rui Pan; Vahid Pourheidari,https://arxiv.org/abs/2407.13001,
arxiv,Atomic Smart Contract Interoperability with High Efficiency via Cross-Chain Integrated Execution,2025,arXiv,,2502.12820,"With the development of Ethereum, numerous blockchains compatible with Ethereum's execution environment (i.e., Ethereum Virtual Machine, EVM) have emerged. Developers can leverage smart contracts to run various complex decentralized applications on top of blockchains. However, the increasing number of EVM-compatible blockchains has introduced significant challenges in cross-chain interoperability, particularly in ensuring efficiency and atomicity for the whole cross-chain application. Existing solutions are either limited in guaranteeing overall atomicity for the cross-chain application, or inefficient due to the need for multiple rounds of cross-chain smart contract execution. To address this gap, we propose IntegrateX, an efficient cross-chain interoperability system that ensures the overall atomicity of cross-chain smart contract invocations. The core idea is to deploy the logic required for cross-chain execution onto a single blockchain, where it can be executed in an integrated manner. This allows cross-chain applications to perform all cross-chain logic efficiently within the same blockchain. IntegrateX consists of a cross-chain smart contract deployment protocol and a cross-chain smart contract integrated execution protocol. The former achieves efficient and secure cross-chain deployment by decoupling smart contract logic from state, and employing an off-chain cross-chain deployment mechanism combined with on-chain cross-chain verification. The latter ensures atomicity of cross-chain invocations through a 2PC-based mechanism, and enhances performance through transaction aggregation and fine-grained state lock. We implement a prototype of IntegrateX. Extensive experiments demonstrate that it reduces up to 61.2% latency compared to the state-of-the-art baseline while maintaining low gas consumption.",Chaoyue Yin; Mingzhe Li; Jin Zhang; You Lin; Qingsong Wei; Siow Mong Rick Goh,https://arxiv.org/abs/2502.12820,
arxiv,LOCARD: An Agentic Framework for Blockchain Forensics,2026,arXiv,,2604.04211,"Blockchain forensics inherently involves dynamic and iterative investigations, while many existing approaches primarily model it through static inference pipelines. We propose a paradigm shift towards Agentic Blockchain Forensics (ABF), modeling forensic investigation as a sequential decision-making process. To instantiate this paradigm, we introduce LOCARD, the first agentic framework for blockchain forensics. LOCARD operationalizes this perspective through a Tri-Core Cognitive Architecture that decouples strategic planning, operational execution, and evaluative validation. Unlike generic LLM-based agents, it incorporates a Structured Belief State mechanism to enforce forensic rigor and guide exploration under explicit state constraints. To demonstrate the efficacy of the ABF paradigm, we apply LOCARD to the inherently complex domain of cross-chain transaction tracing. We introduce Thor25, a benchmark dataset comprising over 151k real-world cross-chain forensic records, and evaluate LOCARD on the Group-Transfer Tracing task for dismantling Sybil clusters. Validated against representative laundering sub-flows from the Bybit hack, LOCARD achieves high-fidelity tracing results, providing empirical evidence that modeling blockchain forensics as an autonomous agentic task is both viable and effective. These results establish a concrete foundation for future agentic approaches to large-scale blockchain forensic analysis. Code and dataset are publicly available at https://github.com/xhyumiracle/locard and https://github.com/xhyumiracle/thorchain-crosschain-data.",Xiaohang Yu; William Knottenbelt,https://arxiv.org/abs/2604.04211,
arxiv,"Eden: An Provably Secure, Ultra-Fast, and Fully Decentralized Blockchain Interoperability Protocol",2023,arXiv,,2311.17454,"As the blockchain ecosystem grows and diversifies, seamless interoperability between blockchain networks has become essential. Interoperability not only enhances the usability and reach of individual chains but also fosters collaboration, unlocking new opportunities for decentralized applications. In this paper, we introduce Eden, the parallel-verified messaging protocol powering SparkleX. Eden is an elastic, decentralized envoy network built on a zero-knowledge MapReduce framework (i.e., ZK-MapReduce), enabling ultra-fast, secure, and fully decentralized cross-chain communication. We explore Eden's design, its robust security model, and the innovative mechanisms that ensure its elasticity and resilience, even in demanding network environments.",Ke Liang,https://arxiv.org/abs/2311.17454,
arxiv,Privacy-Preserving and Incentive-Driven Relay-Based Framework for Cross-Domain Blockchain Interoperability,2025,arXiv,,2510.14151,"Interoperability is essential for transforming blockchains from isolated networks into collaborative ecosystems, unlocking their full potential. While significant progress has been made in public blockchain interoperability, bridging permissioned and permissionless blockchains poses unique challenges due to differences in access control, architectures, and security requirements. This paper introduces a blockchain-agnostic framework to enable interoperability between permissioned and permissionless networks. Leveraging cryptographic techniques, the framework ensures secure data exchanges. Its lightweight architectural design simplifies implementation and maintenance, while the integration of Clover and Dandelion++ protocols enhances transaction anonymity. Performance evaluations demonstrate the framework's effectiveness in achieving secure and efficient interoperability by measuring the forwarding time, the throughput, the availability, and their collusion impact of the system across heterogeneous blockchain ecosystems.",Saeed Moradi; Koosha Esmaeilzadeh Khorasani; Sara Rouhani,https://arxiv.org/abs/2510.14151,
arxiv,Defending the Peg: Real-Time Dynamic Protection and Anomaly Detection in DeFi Stablecoins,2026,arXiv,,2608.25600,"With the rapid evolution of the Decentralized Finance (DeFi) ecosystem, stablecoins have emerged as a critical infrastructure bridging the cryptocurrency market with traditional financial paradigms. However, stablecoin systems rely heavily on smart contracts to execute automated operations. The immutable nature of these systems post-deployment means that the exploitation of security vulnerabilities can lead to irreversible, massive economic losses and potentially trigger systemic financial risks. Current research on stablecoin smart contract security faces challenges such as a lack of domain-specific targeting and the obsolescence of static defense models. To address this, this paper systematically analyzes common attack vectors in stablecoin environments and proposes a practical, real-time dynamic defense architecture. By analyzing 12 real-world security incidents, we elucidate the underlying mechanisms of high-risk patterns such as reentrancy attacks, oracle manipulation, and composite flash loan attacks. Concurrently, we construct a real-time anomaly detection model utilizing multi-dimensional on-chain temporal features and the Bi-LSTM algorithm. Experimental results demonstrate that this model achieves a classification accuracy of 96.61\%, with an average recall rate of 97.70\% for malicious attack samples, and a single inference latency ranging from 1.5 to 2.8 milliseconds.",Hengxing Zeng; Shipeng Ye; Xiaoqi Li,https://arxiv.org/abs/2608.25600,
arxiv,Cross Chain Bribery Contracts: Majority vs Mighty Minority,2023,arXiv,,2306.07984,"Bribery is a perilous issue in the real world, especially in an economical aspect. This fraudulence is unavoidable, and more importantly, it is more difficult to trace in case smart contracts are utilized for bribing on a distributed public blockchain. In our paper, we propose a new threat to the security of a blockchain system, cross-chain bribery using smart contracts. An arbitrary wealthy briber can utilize cross-chain smart contracts to manipulate a consensus mechanism on a victim's blockchain or to disgrace a victim's blockchain. To better understand this threat, our paper proposes a framework to analyze bribery using cross-chain smart contracts. We analyze the amount of incentive to bribe rational miners in a victim's blockchain and also a full cost of conducting a cross-chain bribery attack. The result is that such attacks can be carried out with a reasonable amount of money or cryptocurrencies.",Quang Tran; Lin Chen; Lei Xu; Yang Lu; Rabimba Karanjai; Weidong Shi,https://arxiv.org/abs/2306.07984,
arxiv,Improving Blockchain scalability based on one-time cross-chain contract and gossip network,2020,arXiv,,2008.04601,"This study proposes a novel solution that provides secure interoperability for blockchains, which improves the overall scalability of the whole blockchain network. In our solution, a cross-chain task will build a one-time cross-blockchain contract. Each blockchain system can follow the contract to complete or this task. The result of tasks is bound with the system, hence can be anchored to all other blockchain systems through the gossip network. This work shows our result can provide linear scalability for the whole system and achieve consistency among honest systems.",Keyang Liu; Yukio Ohsawa,https://arxiv.org/abs/2008.04601,
arxiv,Towards Interoperability of Open and Permissionless Blockchains: A Cross-Chain Query Language,2022,arXiv,10.1109/icebe55470.2022.00041,2209.07224,"The rise of open and permissionless blockchains has introduced novel platforms for applications based on distributed data storage. At the application and business levels, long-established query languages such as SQL provide interoperability that can be complemented by blockchain-based data storage today, enabling permissionless and verifiable data storage along with decentralized execution across tens of thousands of nodes. However, when accessing one or more blockchains, interoperability is not provided today, posing challenges such as inhomogeneous data access in addition to different features and trade-offs, e.g. in data and distribution, scalability, and security. Towards interoperability in data access among the increasing number of blockchain platforms, this paper introduces a cross-chain query language for data access across blockchains. Similar to SQL, the language abstracts from implementation based on a data model compatible with the largest open and permissionless blockchains (OPB) today. The language, data model, and processing architecture are demonstrated and evaluated with an implemented prototype, aiming to contribute to the discussion on blockchain interoperability among OPB.",Felix Härer,https://arxiv.org/abs/2209.07224,
arxiv,"Generative AI-enabled Blockchain Networks: Fundamentals, Applications, and Case Study",2024,arXiv,,2401.15625,"Generative Artificial Intelligence (GAI) has recently emerged as a promising solution to address critical challenges of blockchain technology, including scalability, security, privacy, and interoperability. In this paper, we first introduce GAI techniques, outline their applications, and discuss existing solutions for integrating GAI into blockchains. Then, we discuss emerging solutions that demonstrate the effectiveness of GAI in addressing various challenges of blockchain, such as detecting unknown blockchain attacks and smart contract vulnerabilities, designing key secret sharing schemes, and enhancing privacy. Moreover, we present a case study to demonstrate that GAI, specifically the generative diffusion model, can be employed to optimize blockchain network performance metrics. Experimental results clearly show that, compared to a baseline traditional AI approach, the proposed generative diffusion model approach can converge faster, achieve higher rewards, and significantly improve the throughput and latency of the blockchain network. Additionally, we highlight future research directions for GAI in blockchain applications, including personalized GAI-enabled blockchains, GAI-blockchain synergy, and privacy and security considerations within blockchain ecosystems.",Cong T. Nguyen; Yinqiu Liu; Hongyang Du; Dinh Thai Hoang; Dusit Niyato; Diep N. Nguyen; Shiwen Mao,https://arxiv.org/abs/2401.15625,
arxiv,"Cross-Chain Options: A Bridgeless, Universal, and Efficient Approach",2024,arXiv,,2410.15724,"Options are fundamental to blockchain-based financial services, offering essential tools for risk management and price speculation, which enhance liquidity, flexibility, and market efficiency in decentralized finance (DeFi). Despite the growing interest in options for blockchain-resident assets, such as cryptocurrencies, current option mechanisms face significant challenges, including a high reliance on trusted third parties, limited asset support, high trading delays, and the requirement for option holders to provide upfront collateral. In this paper, we present a protocol that addresses the aforementioned issues. Our protocol is the first to eliminate the need for holders to post collateral when establishing options in trustless service environments (i.e. without a cross-chain bridge), which is achieved by introducing a guarantee from the option writer. Its universality allows for cross-chain options involving nearly \textit{any} assets on \textit{any} two different blockchains, provided the chains' programming languages can enforce and execute the necessary contract logic. Another key innovation is reducing option position transfer latency, which uses Double-Authentication-Preventing Signatures (DAPS). Our evaluation demonstrates that the proposed scheme reduces option transfer latency to less than half of that in existing methods. Rigorous security analysis proves that our protocol achieves secure option trading, even when facing adversarial behaviors.",Zifan Peng; Yingjie Xue; Jingyu Liu,https://arxiv.org/abs/2410.15724,
arxiv,Interchain Timestamping for Mesh Security,2023,arXiv,,2305.07830,"Fourteen years after the invention of Bitcoin, there has been a proliferation of many permissionless blockchains. Each such chain provides a public ledger that can be written to and read from by anyone. In this multi-chain world, a natural question arises: what is the optimal security an existing blockchain, a consumer chain, can extract by only reading and writing to k other existing blockchains, the provider chains? We design a protocol, called interchain timestamping, and show that it extracts the maximum economic security from the provider chains, as quantified by the slashable safety resilience. We observe that interchain timestamps are already provided by light-client based bridges, so interchain timestamping can be readily implemented for Cosmos chains connected by the Inter-Blockchain Communication (IBC) protocol. We compare interchain timestamping with cross-staking, the original solution to mesh security, as well as with Trustboost, another recent security sharing protocol.",Ertem Nusret Tas; Runchao Han; David Tse; Fisher Yu; Kamilla Nazirkhanova,https://arxiv.org/abs/2305.07830,
arxiv,Cross-chain Interaction Model In a Fully Verified Way,2021,arXiv,,2106.05463,"There are different kinds of blockchains, which have been applied in various areas. Blockchains are relatively independent systems that are apt to form isolated data islands. Then cross-chain interaction is proposed to connect different blockchains. However, the current cross-chain methods do not maintain the security of the original blockchain. They either depend on a less secure third-party system or a less secure method. This makes the cross-chain interaction less secure than the original blockchains (the security downgrade issues), or the cross-chain interaction can be done even if the paired blockchain does not exist (the blockchain invisible issue). In this paper, we first propose a system interaction model and use it to analyze the possible security issues. Based on conclusions got from the proposed model, we propose the cross-chain method that verifies the data of the paired blockchain by the consensus algorithm of the paired blockchain (the CIFuV method). With this method, the cross-chain interaction can be as the same security as in the paired blockchain. At last, we evaluate the security issues during the system interaction process, and the possibility to have the CIFuV model on the public blockchains.",Hong Su,https://arxiv.org/abs/2106.05463,
arxiv,Zero Trust Chain A Design Pattern for Improved Interoperability and Security in Polkadot,2023,arXiv,,2304.14730,"This research article presents various design patterns for improving interoperability in Polkadot, a blockchain platform. These patterns include chain bridges, interoperability standards, common asset identifiers, governance agreements, oracle chains, and a hypothetical design pattern called Zero Trust Chain. Implementation of these design patterns can help improve security and confidence in transactions between different chains on the Polkadot network, allowing for faster and more efficient communication. The article also emphasizes the importance of interoperability in blockchain technology and highlights Polkadot's flexibility in creating customized specialized chains that can further improve interoperability on the network. Overall, this article highlights how design patterns can improve interoperability in Polkadot, which could lead to greater adoption of blockchain technology in various industries.",Santiago Márquez Solís,https://arxiv.org/abs/2304.14730,
arxiv,OpenDSU: Digital Sovereignty in PharmaLedger,2022,arXiv,,2209.14879,"Distributed ledger networks, chiefly those based on blockchain technologies, currently are heralding a next generation of computer systems that aims to suit modern users' demands. Over the recent years, several technologies for blockchains, off-chaining strategies, as well as decentralised and respectively self-sovereign identity systems have shot up so fast that standardisation of the protocols is lagging behind, severely hampering the interoperability of different approaches. Moreover, most of the currently available solutions for distributed ledgers focus on either home users or enterprise use case scenarios, failing to provide integrative solutions addressing the needs of both. Herein we introduce the OpenDSU platform that allows to interoperate generic blockchain technologies, organised - and possibly cascaded in a hierarchical fashion - in domains. To achieve this flexibility, we seamlessly integrated a set of well conceived OpenDSU components to orchestrate off-chain data with granularly resolved and cryptographically secure access levels that are nested with sovereign identities across the different domains. Employing our platform to PharmaLedger, an inter-European network for the standardisation of data handling in the pharmaceutical industry and in healthcare, we demonstrate that OpenDSU can cope with generic demands of heterogeneous use cases in both, performance and handling substantially different business policies. Importantly, whereas available solutions commonly require a pre-defined and fixed set of components, no such vendor lock-in restrictions on the blockchain technology or identity system exist in OpenDSU, making systems built on it flexibly adaptable to new standards evolving in the future.",Cosmin Ursache; Michael Sammeth; Sînică Alboaie,https://arxiv.org/abs/2209.14879,
arxiv,CATs: Secure Blockchain Interoperability with Cross-chain Atomic Transactions,2026,arXiv,,2607.05387,"We propose a protocol for cross-chain atomic transactions (CATs), enabling composable atomic execution across different blockchains. The protocol addresses the key interoperability challenge of providing atomicity guarantees in the presence of asynchronous communication and Byzantine actors. It preserves chain autonomy by allowing each blockchain to maintain its own execution model while participating in coordinated cross-chain operations. The design introduces a shared coordination layer involving sequencers, transaction processors, a coordinator, and a confirmation layer which together ensure that either all parts of a CAT succeed or none do. To prevent unnecessary blocking, we separate transaction execution into accepted and postponed sets, with the coordination layer resolving the outcomes of CATs within a few rounds. We further introduce timeouts and dependency-depth bounds for liveness and mitigation of cascading delays. Our formal analysis establishes strong safety and liveness guarantees and demonstrates that the protocol achieves minimal blocking for independent transactions while ensuring bounded blocking time for dependent transactions. Experimental evaluation shows high CAT success when cross-chain transactions are a modest share of traffic, and characterizes the CAT-lifetime trade-off between success and dependent-transaction latency. This protocol enables fast, secure, and deterministic atomic cross-chain execution while preserving chain autonomy, providing a foundation for scalable blockchain interoperability solutions.",Andreas Penzkofer; Franck Cassez,https://arxiv.org/abs/2607.05387,
arxiv,Tracing the Shadows: Automatic Tracking and Analysis of Crypto Money Laundering via Transaction Semantic Analysis,2026,arXiv,,2607.18869,"With the rapid advancement of decentralized finance (DeFi), security incidents related to cryptocurrency have become increasingly prevalent. After such incidents, attackers typically attempt to rapidly move stolen assets, concealing the origin of illicit funds and ultimately converting them into fiat currency. However, existing anti-money laundering (AML) methods struggle to cope with the semantic complexity of DeFi transactions. They either rely heavily on low-level token transfers, or perform protocol-agnostic money flow analysis, failing to capture the high-level intent of transactions. In this paper, we propose AMLGuard, a semantic-aware AML framework for account-based blockchains. AMLGuard tracks illicit fund flows from known malicious addresses by performing semantic analysis on complex DeFi transactions, enabling accurate and continuous laundering tracking. Given a complex transaction, AMLGuard combines static rule-based analysis with retrieval-augmented large language model (LLM) reasoning to infer implicit DeFi semantics, transforming raw transaction data into high-level semantic representations. Furthermore, for cross-chain transactions where laundering intent is not explicitly exposed, AMLGuard parses transaction parameters and performs argument parsing to recover cross-chain semantics, enabling seamless tracking across ledgers. Based on the inferred semantics, AMLGuard abstracts each transaction into a DeFi Semantic Unit (DSU). We evaluate the effectiveness of AMLGuard on 82 real-world laundering cases, involving illicit assets worth over $1 billion. Specifically, AMLGuard reconstructs compact illicit fund-flow topologies with destination precision of 94.4% and 87.6%, while achieving the highest address recall of 98.4% and 95.8% and destination recall of 94.1% and 93.8% on single-chain and cross-chain datasets.",Hao Wu; Haijun Wang; Shangwang Li; Yin Wu; Ming Fan; Ting Liu; Xiapu Luo,https://arxiv.org/abs/2607.18869,
arxiv,Cross-Channel: Scalable Off-Chain Channels Supporting Fair and Atomic Cross-Chain Operations,2022,arXiv,,2212.07265,"Cross-chain technology facilitates the interoperability among isolated blockchains on which users can freely communicate and transfer values. Existing cross-chain protocols suffer from the scalability problem when processing on-chain transactions. Off-chain channels, as a promising blockchain scaling technique, can enable micro-payment transactions without involving on-chain transaction settlement. However, existing channel schemes can only be applied to operations within a single blockchain, failing to support cross-chain services. Therefore in this paper, we propose Cross-Channel, the first off-chain channel to support cross-chain services. We introduce a novel hierarchical channel structure, a new hierarchical settlement protocol, and a smart general fair exchange protocol, to ensure scalability, fairness, and atomicity of cross-chain interactions. Besides, Cross-Channel provides strong security and practicality by avoiding high latency in asynchronous networks. Through a 50-instance deployment of Cross-Channel on AliCloud, we demonstrate that Cross-Channel is well-suited for processing cross-chain transactions in high-frequency and large-scale, and brings a significantly enhanced throughput with a small amount of gas and delay overhead.",Yihao Guo; Minghui Xu; Dongxiao Yu; Yong Yu; Rajiv Ranjan; Xiuzhen Cheng,https://arxiv.org/abs/2212.07265,
arxiv,V-ZOR: Enabling Verifiable Cross-Blockchain Communication via Quantum-Driven ZKP Oracle Relays,2025,arXiv,10.1109/bcca66705.2025.11229691,2509.10996,"Cross-chain bridges and oracle DAOs represent some of the most vulnerable components of decentralized systems, with more than $2.8 billion lost due to trust failures, opaque validation behavior, and weak incentives. Current oracle designs are based on multisigs, optimistic assumptions, or centralized aggregation, exposing them to attacks and delays. Moreover, predictable committee selection enables manipulation, which threatens data integrity across chains. We propose V-ZOR, a verifiable oracle relay that integrates zero-knowledge proofs, quantum-grade randomness, and cross-chain restaking to mitigate these risks. Each oracle packet includes a Halo 2 proof verifying that the reported data was correctly aggregated using a deterministic median. To prevent committee manipulation, VZOR reseeds its VRF using auditable quantum entropy, ensuring unpredictable and secure selection of reporters. Reporters stake once on a shared restaking hub; any connected chain can submit a fraud proof to trigger slashing, removing the need for multisigs or optimistic assumptions. A prototype in Sepolia and Scroll achieves sub-300k gas verification, one-block latency, and a 10x increase in collusion cost. V-ZOR demonstrates that combining ZK attestation with quantum-randomized restaking enables a trust-minimized, high-performance oracle layer for cross-chain DeFi.",M. Z. Haider; Tayyaba Noreen; M. Salman; M. Dias de Assuncao; Kaiwen Zhang,https://arxiv.org/abs/2509.10996,
arxiv,Merkle Trees in Blockchain: A Study of Collision Probability and Security Implications,2024,arXiv,10.1016/j.iot.2024.101193,2402.04367,"In the rapidly evolving landscape of blockchain technology, ensuring the integrity and security of data is paramount. This study delves into the security aspects of Merkle Trees, a fundamental component in blockchain architectures, such as Ethereum. We critically examine the susceptibility of Merkle Trees to hash collisions, a potential vulnerability that poses significant risks to data security within blockchain systems. Despite their widespread application, the collision resistance of Merkle Trees and their robustness against preimage attacks have not been thoroughly investigated, leading to a notable gap in the comprehensive understanding of blockchain security mechanisms. Our research endeavors to bridge this gap through a meticulous blend of theoretical analysis and empirical validation. We scrutinize the probability of root collisions in Merkle Trees, considering various factors such as hash length and path length within the tree. Our findings reveal a direct correlation between the increase in path length and the heightened probability of root collisions, thereby underscoring potential security vulnerabilities. Conversely, we observe that an increase in hash length significantly reduces the likelihood of collisions, highlighting its critical role in fortifying security. The insights garnered from our research offer valuable guidance for blockchain developers and researchers, aiming to bolster the security and operational efficacy of blockchain-based systems.",Oleksandr Kuznetsov; Alex Rusnak; Anton Yezhov; Kateryna Kuznetsova; Dzianis Kanonik; Oleksandr Domin,https://arxiv.org/abs/2402.04367,
arxiv,Atomicity and Abstraction for Cross-Blockchain Interactions,2024,arXiv,,2403.07248,"A blockchain facilitates secure and atomic transactions between mutually untrusting parties on that chain. Today, there are multiple blockchains with differing interfaces and security properties. Programming in this multi-blockchain world is hindered by the lack of general and convenient abstractions for cross-chain communication and computation. Current cross-chain communication bridges have varied and low-level interfaces, making it difficult to develop portable applications. Current methods for multi-chain atomic transactions are limited in scope to cryptocurrency swaps. This work addresses these issues. We first define a uniform, high-level interface for communication between chains. Building on this interface, we formulate a protocol that guarantees atomicity for general transactions whose operations may span several chains. We formulate and prove the desired correctness and security properties of these protocols. Our prototype implementation is built using the LayerZero cross-chain bridge. Experience with this implementation shows that the new abstractions considerably simplify the design and implementation of multi-chain transactions. Experimental evaluation with multi-chain swap transactions demonstrates performance comparable to that of custom-built implementations.",Huaixi Lu; Akshay Jajoo; Kedar S. Namjoshi,https://arxiv.org/abs/2403.07248,
arxiv,The Design Principle of Blockchain: An Initiative for the SoK of SoKs,2023,arXiv,,2301.00479,"Blockchain, also coined as decentralized AI, has the potential to empower AI to be more trustworthy by creating a decentralized trust of privacy, security, and audibility. However, systematic studies on the design principle of blockchain as a trust engine for an integrated society of cyber-physical-social-system (CPSS) are still absent. In this article, we provide an initiative for seeking the design principle of blockchain for a better digital world. Using a hybrid method of qualitative and quantitative studies, we examine the past origin, the current development, and the future directions of blockchain design principles. We have three findings. First, the answer to whether blockchain lives up to its original design principle as a distributed database is controversial. Second, the current development of the blockchain community reveals a taxonomy of 7 categories, namely, privacy and security, scalability, decentralization, applicability, governance and regulation, system design, and cross-chain interoperability. Both research and practice are more centered around the first category of privacy and security and the fourth category of applicability. Future scholars, practitioners, and policy-makers have vast opportunities in other, much less exploited facets and the synthesis at the interface of multiple aspects. Finally, in counter-examples, we conclude that a synthetic solution that crosses discipline boundaries is necessary to close the gaps between the current design of blockchain and the design principle of a trust engine for a truly intelligent world.",Luyao Sunshine Zhang,https://arxiv.org/abs/2301.00479,
arxiv,BridgeShield: Risk-Aware Graph Modeling for Cross-Chain Bridge Attack Detection,2025,arXiv,,2508.20517,"Cross-chain bridges enable asset and state transfers across heterogeneous blockchains, but their complex cross-domain interactions introduce new attack surfaces that are difficult to monitor using traditional single-chain analysis methods. Existing approaches often focus on isolated on-chain behaviors and fail to capture the multi-stage execution semantics of cross-chain transactions. This paper presents BridgeShield, a graph-based framework for detecting cross-chain bridge attacks through risk-aware modeling of cross-chain execution behaviors. BridgeShield reconstructs cross-chain behavior graphs from execution traces and event logs, capturing interactions across the source chain, off-chain relay components, and the destination chain. To highlight attack-relevant structures, the framework employs differential meta-path selection to identify execution patterns that exhibit structural deviations between normal and attack transactions, and hierarchical risk propagation to aggregate distributed risk signals across interaction stages. Experiments on real-world bridge incidents show that BridgeShield achieves an F1-score of 92.6% in cross-chain attack detection and consistently outperforms existing rule-based and graph-based baselines. In addition, the model remains effective in detecting previously unseen attack incidents, indicating that BridgeShield captures structural risk patterns rather than memorizing historical attack templates.",Dan Lin; Shunfeng Lu; Ziyan Liu; Jiajing Wu; Junyuan Fang; Jianzhong Su; Bowen Song; Qing Xia,https://arxiv.org/abs/2508.20517,
arxiv,Comparative Analysis of Cross-Chain Token Standards,2026,arXiv,,2603.06388,"Cross-chain token standards enable fungible tokens that exist across multiple blockchains with a unified total supply model. This paper presents a comprehensive comparative analysis of five leading cross-chain token standards and frameworks: the xERC20 standard (implementing ERC-7281), the Omnichain Fungible Token (OFT) standard, the Native Token Transfers (NTT) framework, the Cross-Chain Token (CCT) standard, and the SuperchainERC20 standard (implementing ERC-7802). We examine each standard's distinguishing properties and technical design, including architecture, message-passing mechanisms, interoperability scope, chain compatibility, and security features. Our analysis reveals that while all these standards share the goal of seamless cross-chain fungibility, they differ significantly in implementation approach, trust model, and target ecosystem.",Fatemeh Heidari Soureshjani; Jan Gorzny,https://arxiv.org/abs/2603.06388,
arxiv,JugglingSwap: Scriptless Atomic Cross-Chain Swaps,2020,arXiv,,2007.14423,"The blockchain space is changing constantly. New chains are being implemented frequently with different use cases in mind. As more and more types of crypto assets are getting real world value there is an increasing need for blockchain interoperability. Exchange services today are still dominated by central parties which require custody of funds. This trust imposes costs and security risks as frequent breaches testify. Atomic cross-chain swaps (ACCS) allow mutual distrusting parties to securely exchange crypto assets in a peer-to-peer manner while preserving self-custody. Fundamental ACCS protocols leveraged the scripting capabilities of blockchains to conditionalize the transfer of funds between trading parties. Recent work showed that such protocols can be realized in a scriptless setting. This has many benefits to blockchains throughput, efficiency of swap protocols and also to fungibility and privacy. The proposed protocols are limited to assets transferable by either Schnorr signatures or ECDSA that are assuming the same elliptic curve parameters. In this work we present JugglingSwap, a scriptless atomic cross-chain swap protocol with a higher degree of interoperability. We weaken the assumptions about blockchains that can be included in the ACCS protocol, and only require that (1) a threshold variant exists to the underlying digital signature scheme and (2) it is based on the elliptic curve discrete logarithm problem (ECDLP). The fair exchange is achieved by a gradual release of secrets. To achieve this we use a new building block we call Juggling: a public key verifiable encryption scheme to transfer segments of secret shares between parties, which can also be of separate interest. Juggling is then tailored to a specific private key management system design with threshold signatures security.",Omer Shlomovits; Oded Leiba,https://arxiv.org/abs/2007.14423,
arxiv,Towards Automated Benchmark Support for Multi-Blockchain Interoperability-Facilitating Platforms,2021,arXiv,,2103.03866,"Since the introduction of the first Bitcoin blockchain in 2008, different decentralized blockchain systems such as Ethereum, Hyperledger Fabric, and Corda, have emerged with public and private accessibility. It has been widely acknowledged that no single blockchain network will fit all use cases. As a result, we have observed the increasing popularity of multi-blockchain ecosystem in which customers will move toward different blockchains based on their particular requirements. Hence, the efficiency and security requirements of interactions among these heterogeneous blockchains become critical. In realization of this multi-blockchain paradigm, initiatives in building Interoperability-Facilitating Platforms (IFPs) that aim at bridging different blockchains (a.k.a. blockchain interoperability) have come to the fore. Despite current efforts, it is extremely difficult for blockchain customers (organizations, governments, companies) to understand the trade-offs between different IFPs and their suitability for different application domains before adoption. A key reason is due to a lack of fundamental and systematic approaches to assess the variables among different IFPs. To fill this gap, developing new IFP requirements specification and open-source benchmark tools to advance research in distributed, multi-blockchain interoperability, with emphasis on IFP performance and security challenges are required. In this document, we outline a research proposal study to the community to realize this gap.",Mostafa Kazemi; Abbas Yazdinejad,https://arxiv.org/abs/2103.03866,
arxiv,Union: A Trust-minimized Bridge for Rootstock,2025,arXiv,,2501.07435,"We present Union, a trust-minimized bridge protocol that enables secure transfer of BTC between Bitcoin and a secondary blockchain. The growing ecosystem of blockchain systems built around Bitcoin has created a pressing need for secure and efficient bridges to transfer BTC between networks while preserving Bitcoin's security guarantees. Union employs a multi-party variant of BitVMX, an optimistic proving system on Bitcoin, to create a bridge that operates securely under the assumption that at least one participant remains honest. This 1-of-n honest approach is strikingly different from the conventional honest-majority assumption adopted by practically all federated systems. The protocol introduces several innovations: a packet-based architecture that allows security bonds to be reused for multiple bridge operations, improving capital efficiency; a system of enablers to manage functionaries participation and to enforce penalties; a flexible light client framework adaptable to various blockchain architectures; and an efficient stop watch mechanism to optimize time-lock management. Union is a practical and scalable solution for Bitcoin interoperability that maintains strong security guarantees and minimizes trust assumptions.",Ramon Amela; Shreemoy Mishra; Sergio Demian Lerner; Javier Álvarez Cid-Fuentes,https://arxiv.org/abs/2501.07435,
arxiv,ASAS-BridgeAMM: Trust-Minimized Cross-Chain Bridge AMM with Failure Containment,2026,arXiv,,2601.12434,"Cross-chain bridges constitute the single largest vector of systemic risk in Decentralized Finance (DeFi), accounting for over \$2.8 billion in losses since 2021. The fundamental vulnerability lies in the binary nature of existing bridge security models: a bridge is either fully operational or catastrophically compromised, with no intermediate state to contain partial failures. We present ASAS-BridgeAMM, a bridge-coupled automated market maker that introduces Contained Degradation: a formally specified operational state where the system gracefully degrades functionality in response to adversarial signals. By treating cross-chain message latency as a quantifiable execution risk, the protocol dynamically adjusts collateral haircuts, slippage bounds, and withdrawal limits. Across 18 months of historical replay on Ethereum and two auxiliary chains, ASAS-BridgeAMM reduces worst-case bridge-induced insolvency by 73% relative to baseline mint-and-burn architectures, while preserving 104.5% of transaction volume during stress periods. In rigorous adversarial simulations involving delayed finality, oracle manipulation, and liquidity griefing, the protocol maintains solvency with probability $>0.9999$ and bounds per-epoch bad debt to $<0.2%$ of total collateral. We provide a reference implementation in Solidity and formally prove safety (bounded debt), liveness (settlement completion), and manipulation resistance under a Byzantine relayer model.",Shengwei You; Aditya Joshi; Andrey Kuehlkamp; Jarek Nabrzyski,https://arxiv.org/abs/2601.12434,
arxiv,Blockchain-based Decentralized Identity Management for Healthcare Systems,2023,arXiv,,2307.16239,"Blockchain-based decentralized identity management provides a promising solution to improve the security and privacy of healthcare systems and make them scalable. Traditional Identity Management Systems are centralized, which makes them single-point-of-failure, vulnerable to attacks and data breaches, and non-scalable. In contrast, decentralized identity management based on the blockchain can ensure secure and transparent access to patient data while preserving privacy. This approach enables patients to control their personal health data while granting permission for medical personnel to access specific information as needed. We propose a decentralized identity management system for healthcare systems named BDIMHS based on a permissioned blockchain with Hyperledger Indy and Hyperledger Aries. We develop further descriptions of required functionalities and provide high-level procedures for network initialization, enrollment, registration, issuance, verification and revocation functionalities. The proposed solution improves data security, privacy, immutability, interoperability, and patient autonomy by using selective disclosure, zero-knowledge proofs, Decentralized Identifiers, and Verifiable Credentials. Furthermore, we discuss the potential challenges associated with implementing this technology in healthcare and evaluate the performance and security of the proposed solution.",Arnaf Aziz Torongo; Mohsen Toorani,https://arxiv.org/abs/2307.16239,
arxiv,AsyncSC: An Asynchronous Sidechain for Multi-Domain Data Exchange in Internet of Things,2024,arXiv,,2412.12723,"Sidechain techniques improve blockchain scalability and interoperability, providing decentralized exchange and cross-chain collaboration solutions for Internet of Things (IoT) data across various domains. However, current state-of-the-art (SOTA) schemes for IoT multi-domain data exchange are constrained by the need for synchronous networks, hindering efficient cross-chain interactions in discontinuous networks and leading to suboptimal data exchange. In this paper, we propose AsyncSC, a novel asynchronous sidechain construction. It employs a committee to provide Cross-Blockchain as a Service (C-BaaS) for data exchange in multi-domain IoT. To fulfill the need for asynchronous and efficient data exchange, we combine the ideas of aggregate signatures and verifiable delay functions to devise a novel cryptographic primitive called delayed aggregate signature (DAS), which constructs asynchronous cross-chain proofs (ACPs) that ensure the security of cross-chain interactions. To ensure the consistency of asynchronous transactions, we propose a multilevel buffered transaction pool that guarantees the transaction sequencing. We analyze and prove the security of AsyncSC, simulate an asynchronous communication environment, and conduct a comprehensive evaluation. The results show that AsyncSC outperforms SOTA schemes, improving throughput by an average of 1.21 to 3.96 times, reducing transaction latency by 59.76% to 83.61%, and maintaining comparable resource overhead.",Lingxiao Yang; Xuewen Dong; Zhiguo Wan; Sheng Gao; Wei Tong; Di Lu; Yulong Shen; Xiaojiang Du,https://arxiv.org/abs/2412.12723,
arxiv,XSema: A Novel Framework for Semantic Extraction of Cross-chain Transactions,2024,arXiv,,2412.18129,"As the number of blockchain platforms continues to grow, the independence of these networks poses challenges for transferring assets and information across chains. Cross-chain bridge technology has emerged to address this issue, establishing communication protocols to facilitate cross-chain interaction of assets and information, thereby enhancing user experience. However, the complexity of cross-chain transactions increases the difficulty of security regulation, rendering traditional single-chain detection methods inadequate for cross-chain scenarios. Therefore, understanding cross-chain transaction semantics is crucial, as it forms the foundation for cross-chain security detection tasks. Although there are existing methods for extracting transaction semantics specifically for single chains, these approaches often overlook the unique characteristics of cross-chain scenarios, limiting their applicability. This paper introduces XSema, a novel cross-chain semantic extraction framework grounded in asset transfer and message-passing, designed specifically for cross-chain contexts. Experimental results demonstrate that XSema effectively distinguishes between cross-chain and non-cross-chain transactions, surpassing existing methods by over 9% for the generality metric and over 10% for the generalization metric. Furthermore, we analyze the underlying asset transfer patterns and message-passing event logs associated with cross-chain transactions. We offer new insights into the coexistence of multiple blockchains and the cross-chain ecosystem.",Ziye Zheng; Jiajing Wu; Dan Lin; Quanzhong Li; Na Ruan,https://arxiv.org/abs/2412.18129,
arxiv,Trusted Compute Units: A Framework for Chained Verifiable Computations,2025,arXiv,10.1109/icbc64466.2025.11114627,2504.15717,"Blockchain and distributed ledger technologies (DLTs) facilitate decentralized computations across trust boundaries. However, ensuring complex computations with low gas fees and confidentiality remains challenging. Recent advances in Confidential Computing -- leveraging hardware-based Trusted Execution Environments (TEEs) -- and Proof-carrying Data -- employing cryptographic Zero-Knowledge Virtual Machines (zkVMs) -- hold promise for secure, privacy-preserving off-chain and layer-2 computations. On the other side, a homogeneous reliance on a single technology, such as TEEs or zkVMs, is impractical for decentralized environments with heterogeneous computational requirements. This paper introduces the Trusted Compute Unit (TCU), a unifying framework that enables composable and interoperable verifiable computations across heterogeneous technologies. Our approach allows decentralized applications (dApps) to flexibly offload complex computations to TCUs, obtaining proof of correctness. These proofs can be anchored on-chain for automated dApp interactions, while ensuring confidentiality of input data, and integrity of output data. We demonstrate how TCUs can support a prominent blockchain use case, such as federated learning. By enabling secure off-chain interactions without incurring on-chain confirmation delays or gas fees, TCUs significantly improve system performance and scalability. Experimental insights and performance evaluations confirm the feasibility and practicality of this unified approach, advancing the state of the art in verifiable off-chain services for the blockchain ecosystem.",Fernando Castillo; Jonathan Heiss; Sebastian Werner; Stefan Tai,https://arxiv.org/abs/2504.15717,
arxiv,Validation of the Results of Cross-chain Smart Contract Based on Confirmation Method,2024,arXiv,,2408.09962,"Smart contracts are widely utilized in cross-chain interactions, where their results are transmitted from one blockchain (the producer blockchain) to another (the consumer blockchain). Unfortunately, the consumer blockchain often accepts these results without executing the smart contracts for validation, posing potential security risks. To address this, we propose a method for validating cross-chain smart contract results. Our approach emphasizes consumer blockchain execution of cross-chain smart contracts of producer blockchain, allowing comparison of results with the transmitted ones to detect potential discrepancies and ensure data integrity during cross-chain data dissemination. Additionally, we introduce the confirmation with proof method, which involves incorporating the chain of blocks and relevant cross-chain smart contract data from the producer blockchain into the consumer blockchain as evidence (or proof), establishing a unified and secure perspective of cross-chain smart contract results. Our verification results highlight the feasibility of cross-chain validation at the smart contract level.",Hong Su,https://arxiv.org/abs/2408.09962,
arxiv,MedExChain: Enabling Secure and Efffcient PHR Sharing Across Heterogeneous Blockchains,2026,arXiv,,2602.12106,"With the proliferation of intelligent healthcare systems, patients' Personal Health Records (PHR) generated by the Internet of Medical Things (IoMT) in real-time play a vital role in disease diagnosis. The integration of emerging blockchain technologies signiffcantly enhanced the data security inside intelligent medical systems. However, data sharing across different systems based on varied blockchain architectures is still constrained by the unsolved performance and security challenges. This paper constructs a cross-chain data sharing scheme, termed MedExChain, which aims to securely share PHR across heterogeneous blockchain systems. The MedExChain scheme ensures that PHR can be shared across chains even under the performance limitations of IoMT devices. Additionally, the scheme incorporates Cryptographic Reverse Firewall (CRF) and a blockchain audit mechanism to defend against both internal and external security threats. The robustness of our scheme is validated through BAN logic, Scyther tool, Chosen Plaintext Attack (CPA) and Algorithm Substitution Attack (ASA) security analysis veriffcation. Extensive evaluations demonstrate that MedExChain signiffcantly minimizes computation and communication overhead, making it suitable for IoMT devices and fostering the efffcient circulation of PHR across diverse blockchain systems.",Yongyang Lv; Xiaohong Li; Kui Chen; Zhe Hou; Guangdong Bai; Ruitao Feng,https://arxiv.org/abs/2602.12106,
arxiv,Providing reliability and auditability to the IoT LwM2M protocol through Blockchain,2020,arXiv,,2008.06694,"Blockchain has come to provide transparency, reliability as well as to increase the security in computer systems, especially in distributed ones like the Internet of Things (IoT). A few integrations have been proposed in this context so far; however, most of these solutions do not pay special attention to the interoperability of the IoT, one of the biggest challenges in this field. In this paper, a Blockchain solution has been integrated into the OMA Lightweight M2M (LwM2M), a promising industry IoT protocol for global interoperability. This integration provides reliability and auditability to the LwM2M protocol enabling IoT devices (LwM2M clients) to transparently interact with the protocol. Furthermore, a missing reliable API to allow users and applications to securely interact with the system and an interface to store critical information like anomalies for auditability have been defined.",Cristian Martín; Iván Alba; Joaquín Trillo; Enrique Soler; Bartolomé Rubio; Manuel Díaz,https://arxiv.org/abs/2008.06694,
arxiv,zkBridge: Trustless Cross-chain Bridges Made Practical,2022,arXiv,,2210.00264,"Blockchains have seen growing traction with cryptocurrencies reaching a market cap of over 1 trillion dollars, major institution investors taking interests, and global impacts on governments, businesses, and individuals. Also growing significantly is the heterogeneity of the ecosystem where a variety of blockchains co-exist. Cross-chain bridge is a necessary building block in this multi-chain ecosystem. Existing solutions, however, either suffer from performance issues or rely on trust assumptions of committees that significantly lower the security. Recurring attacks against bridges have cost users more than 1.5 billion USD. In this paper, we introduce zkBridge, an efficient cross-chain bridge that guarantees strong security without external trust assumptions. With succinct proofs, zkBridge not only guarantees correctness, but also significantly reduces on-chain verification cost. We propose novel succinct proof protocols that are orders-of-magnitude faster than existing solutions for workload in zkBridge. With a modular design, zkBridge enables a broad spectrum of use cases and capabilities, including message passing, token transferring, and other computational logic operating on state changes from different chains. To demonstrate the practicality of zkBridge, we implemented a prototype bridge from Cosmos to Ethereum, a particularly challenging direction that involves large proof circuits that existing systems cannot efficiently handle. Our evaluation shows that zkBridge achieves practical performance: proof generation takes less than 20 seconds, while verifying proofs on-chain costs less than 230K gas. For completeness, we also implemented and evaluated the direction from Ethereum to other EVM-compatible chains (such as BSC) which involves smaller circuits and incurs much less overhead.",Tiancheng Xie; Jiaheng Zhang; Zerui Cheng; Fan Zhang; Yupeng Zhang; Yongzheng Jia; Dan Boneh; Dawn Song,https://arxiv.org/abs/2210.00264,
arxiv,Tracing Cross-chain Transactions between EVM-based Blockchains: An Analysis of Ethereum-Polygon Bridges,2025,arXiv,,2504.15449,"Ethereum's scalability has been a major concern due to its limited transaction throughput and high fees. To address these limitations, Polygon has emerged as a sidechain solution that facilitates asset transfers between Ethereum and Polygon, thereby improving scalability and reducing costs. However, current cross-chain transactions, particularly those between Ethereum and Polygon, lack transparency and traceability. This paper proposes a method to track cross-chain transactions across EVM-compatible blockchains. It leverages the unique feature that user addresses are consistent across EVM-compatible blockchains. We develop a matching heuristic algorithm that links transactions between the source and target chains by combining transaction time, value, and token identification. Applying our methodology to over 2 million cross-chain transactions (August 2020-August 2023) between Ethereum and Polygon, we achieve matching rates of up to 99.65% for deposits and 92.78% for withdrawals, across different asset types including Ether, ERC-20 tokens, and NFTs. In addition, we provide a comprehensive analysis of various properties and characteristics of cross-chain transactions. Our methodology and findings contribute to a better understanding of cross-chain transaction dynamics and bridge performance, with implications for improving bridge efficiency and security in cross-chain operations.",Tao Yan; Chuanshan Huang; Claudio J. Tessone,https://arxiv.org/abs/2504.15449,
arxiv,XIM: The XDC Interledger Messaging Protocol,2026,arXiv,,2609.39310,"Distributed ledgers, privacy-preserving institutional networks, and conventional payment systems increasingly need to exchange authenticated messages and settle assets across heterogeneous trust domains. Existing interoperability systems typically optimize for one of three concerns: application-level abstraction, cross-chain message transport, or synchronized execution within a related ledger family. This paper proposes XIM, the XDC Interledger Messaging Protocol, a chain-agnostic protocol for transporting canonical messages across heterogeneous networks while allowing each communication lane to select an explicit verification policy. XIM separates message semantics from transport, verification, execution, routing, asset identity, and compliance metadata. Its cryptographic state is represented by deterministic message identifiers and commitment roots, while an append-only transition log provides auditability and replay protection. XIM introduces a Universal Asset Identifier (UAID), a pluggable adapter interface, lane-scoped security policies, and an optional policy-aware route graph for multi-hop settlement. XDC Network can serve as a coordination and settlement domain without requiring every XIM message or route to transact through XDC. We specify the protocol model, state machine, message encoding, commitment structure, verification modes, failure semantics, security assumptions, threat model, implementation architecture, and an incremental deployment plan. The design targets public blockchains, permissioned ledgers, institutional networks, and authenticated financial-system gateways, with particular attention to stablecoins, tokenized assets, trade finance, and ISO 20022-compatible payment workflows.",Atul Khekade; Ritesh Kakkad; Wanwiset Peerapatanapokin; Behnam Mohammadkhani,https://arxiv.org/abs/2609.39310,
arxiv,GateChain: A Blockchain Based Application for Country Entry-Exit Registry Management,2025,arXiv,,2512.24416,"Recording entry and exit records for a country, with properties such as confidentiality, integrity, and auditability, is increasingly important due to rising international mobility and security requirements. Traditional border control systems, which rely on centralised databases, are vulnerable to data manipulation and have limited interoperability between institutions. This study presents GateChain, a blockchain-based application that addresses these vulnerabilities. GateChain aims to enhance data integrity, reliability, and transparency by recording entry and exit events on a distributed, immutable, and cryptographically verifiable ledger. The application provides real-time access control and verification for authorised institutions. This paper describes the architecture and security components of GateChain and evaluates its performance and security features.",Mohamad Akkad; Hüseyin Bodur,https://arxiv.org/abs/2512.24416,
arxiv,Vulnerabilities that arise from poor governance in Distributed Ledger Technologies,2024,arXiv,,2409.15947,"Distributed Ledger Technologies (DLTs) promise decentralization, transparency, and security, yet the reality often falls short due to fundamental governance flaws. Poorly designed governance frameworks leave these systems vulnerable to coercion, vote-buying, centralization of power, and malicious protocol exploits: threats that undermine the very principles of fairness and equity these technologies seek to uphold. This paper surveys the state of DLT governance, identifies critical vulnerabilities, and highlights the absence of universally accepted best practices for good governance. By bridging insights from cryptography, social choice theory, and e-voting systems, we not only present a comprehensive taxonomy of governance properties essential for safeguarding DLTs but also point to technical solutions that can deliver these properties in practice. This work underscores the urgent need for robust, transparent, and enforceable governance mechanisms. Ensuring good governance is not merely a technical necessity but a societal imperative to protect the public interest, maintain trust, and realize the transformative potential of DLTs for social good.",Aida Manzano Kharman; William Sanders,https://arxiv.org/abs/2409.15947,
arxiv,A Cross-Chain Query Language for Application-Level Interoperability Between Open and Permissionless Blockchains,2023,arXiv,10.1109/icebe55470.2022.00041,2307.00951,"Open and permissionless blockchains are distributed systems with thousands to tens of thousands of nodes, establishing novel platforms for decentralized applications. When realizing such an application, data might be stored and retrieved from one or more blockchains by distributed network nodes without relying on centralized coordination and trusted third parties. Data access could be provided through a query language such as SQL at the application level, establishing a unified view on application-level data that is verifiably stored. However, when accessing multiple blockchains through their node software and APIs, interoperability cannot be assumed today, resulting in challenges of inhomogeneous data access. In addition, different feature sets and trade-offs exist, e.g., regarding smart contract functionality, availability, distribution, scalability, and security. For increasing interoperability, the paper at hand suggests pursuing the development of a cross-chain query language at the application level. The language abstracts from implementation by providing a standardized syntax, an integrated data model, and a processing architecture for data queries. This research is an extended and updated paper of a prior publication demonstrating the language syntax, data model, and architecture with an evaluation of compatibility against the largest open and permissionless blockchains today.",Felix Härer,https://arxiv.org/abs/2307.00951,
arxiv,"SoK: Decentralized Finance (DeFi) -- Fundamentals, Taxonomy and Risks",2024,arXiv,,2404.11281,"Decentralized Finance (DeFi) refers to financial services that are not necessarily related to crypto-currencies. By employing blockchain for security and integrity, DeFi creates new possibilities that attract retail and institution users, including central banks. Given its novel applications and sophisticated designs, the distinction between DeFi services and understanding the risk involved is often complex. This work systematically presents the major categories of DeFi protocols that cover over 90\% of total value locked (TVL) in DeFi. It establishes a structured methodology to differentiate between DeFi protocols based on their design and architecture. Every DeFi protocol is classified into one of three groups: liquidity pools, pegged and synthetic tokens, and aggregator protocols, followed by risk analysis. In particular, we classify stablecoins, liquid staking tokens, and bridged (wrapped) assets as pegged tokens resembling similar risks. The full risk exposure of DeFi users is derived not only from the DeFi protocol design but also from how it is used and with which tokens.",Krzysztof Gogol; Christian Killer; Malte Schlosser; Thomas Bocek; Burkhard Stiller; Claudio Tessone,https://arxiv.org/abs/2404.11281,
arxiv,"Towards Secure Decentralized Applications and Consensus Protocols in Blockchains (on Selfish Mining, Undercutting Attacks, DAG-Based Blockchains, E-Voting, Cryptocurrency Wallets, Secure-Logging, and CBDC)",2025,arXiv,,2512.13213,"With the rise of cryptocurrencies, many new applications built on decentralized blockchains have emerged. Blockchains are full-stack distributed systems where multiple sub-systems interact. While many deployed blockchains and decentralized applications need better scalability and performance, security is also critical. Due to their complexity, assessing blockchain and DAPP security requires a more holistic view than for traditional distributed or centralized systems. In this thesis, we summarize our contributions to blockchain and decentralized application security. We propose a security reference architecture to support standardized vulnerability and threat analysis. We study consensus security in single-chain Proof-of-Work blockchains, including resistance to selfish mining, undercutting, and greedy transaction selection, as well as related issues in DAG-based systems. We contribute to wallet security with a new classification of authentication schemes and a two-factor method based on One-Time Passwords. We advance e-voting with a practical boardroom voting protocol, extend it to a scalable version for millions of participants while preserving security and privacy, and introduce a repetitive voting framework that enables vote changes between elections while avoiding peak-end effects. Finally, we improve secure logging using blockchains and trusted computing through a centralized ledger that guarantees non-equivocation, integrity, and censorship evidence, then build on it to propose an interoperability protocol for central bank digital currencies that ensures atomic transfers.",Ivan Homoliak,https://arxiv.org/abs/2512.13213,
arxiv,A Tree-Based Repository Blockchain Framework for Shared Governance in Collaborative Fork Ecosystems,2026,arXiv,,2604.25015,Collaborative blockchain ecosystems allow diverse groups to cooperate on tasks while providing properties such as decentralization and transaction security. We provide a model that uses a repository blockchain to manage hard forks within a collaborative system such that a single process (assuming that it has knowledge of the requirements of each fork) can access all of the blocks within the system. The repository blockchain replaces the need for Inter Blockchain Communication (IBC) within the ecosystem by navigating the networks. The resulting construction resembles a tree instead of a chain. A proof-of-concept implementation performs a depth-first search on the new structure.,Razwan Ahmed Tanvir; Greg Speegle,https://arxiv.org/abs/2604.25015,
arxiv,Hedging Against Sore Loser Attacks in Cross-Chain Transactions,2021,arXiv,,2105.06322,"A *sore loser attack* in cross-blockchain commerce rises when one party decides to halt participation partway through, leaving other parties' assets locked up for a long duration. Although vulnerability to sore loser attacks cannot be entirely eliminated, it can be reduced to an arbitrarily low level. This paper proposes new distributed protocols for hedging a range of cross-chain transactions in a synchronous communication model, such as two-party swaps, $n$-party swaps, brokered transactions, and auctions.",Yingjie Xue; Maurice Herlihy,https://arxiv.org/abs/2105.06322,
arxiv,SoK: Blockchain Decentralization,2022,arXiv,,2205.04256,"Blockchain introduces decentralized trust in peer-to-peer networks, advancing security and democratizing systems. Yet, a unified definition for decentralization remains elusive. Our Systematization of Knowledge (SoK) seeks to bridge this gap, emphasizing quantification and methodological coherence. We've formulated a taxonomy defining blockchain decentralization across five facets: consensus, network, governance, wealth, and transaction. Despite the prevalent focus on consensus decentralization, our novel index, based on Shannon entropy, provides comprehensive insights. Moreover, we delve into alternative metrics like the Gini and Nakamoto Coefficients and the Herfindahl-Hirschman Index (HHI), supplemented by an open-source Python tool on GitHub. In terms of methodology, blockchain research has often bypassed stringent scientific methods. By employing descriptive, predictive, and causal methods, our study showcases the potential of structured research in blockchain. Descriptively, we observe a trend of converging decentralization levels over time. Examining DeFi platforms reveals exchange and lending applications as more decentralized than their payment and derivatives counterparts. Predictively, there's a notable correlation between Ether's returns and transaction decentralization in Ether-backed stablecoins. Causally, Ethereum's transition to the EIP-1559 transaction fee model has a profound impact on DeFi transaction decentralization. To conclude, our work outlines directions for blockchain research, emphasizing the delicate balance among decentralization facets, fostering long-term decentralization, and the ties between decentralization, security, privacy, and efficiency. We end by spotlighting challenges in grasping blockchain decentralization intricacies.",Luyao Zhang; Xinshi Ma; Yulin Liu,https://arxiv.org/abs/2205.04256,
arxiv,LayerZero,2023,arXiv,,2312.09118,"In this paper, we present the first intrinsically secure and semantically universal omnichain interoperability protocol: LayerZero. Utilizing an immutable endpoint, append-only verification modules, and fully-configurable verification infrastructure, LayerZero provides the security, configurability, and extensibility necessary to achieve omnichain interoperability. LayerZero enforces strict application-exclusive ownership of protocol security and cost through its novel trust-minimized modular security framework which is designed to universally support all blockchains and use cases. Omnichain applications (OApps) built on the LayerZero protocol achieve frictionless blockchain-agnostic interoperation through LayerZero's universal network semantics.",Ryan Zarick; Bryan Pellegrino; Isaac Zhang; Thomas Kim; Caleb Banister,https://arxiv.org/abs/2312.09118,
arxiv,"Trustless, privacy-preserving blockchain bridges",2021,arXiv,,2102.04660,"In this paper, we present a protocol for facilitating trust-less cross-chain cryptocurrency transfers that preserve privacy of bridge withdrawals. We leverage zero-knowledge primitives that are commonly used to design cryptocurrency mixing protocols to provide similar functionality but across two or more blockchains. To that end, we receive cryptocurrency mixing for free through the bridge operations and de-scribe how to extend these protocols to incentivise bridge transfers using past ideas. We describe how resulting protocols lead to similar vampire style attacks coined in the Uniswap vs. Sushiswap saga but across chains.",Drew Stone,https://arxiv.org/abs/2102.04660,
arxiv,A Proof of Success and Reward Distribution Protocol for Multi-bridge Architecture in Cross-chain Communication,2025,arXiv,,2512.10667,"Single-bridge blockchain solutions enable cross-chain communication. However, they are associated with centralization and single-point-of-failure risks. This paper proposes Proof of Success and Reward Distribution (PSCRD), a novel multi-bridge response coordination and incentive distribution protocol designed to address the challenges. PSCRD introduces a fair reward distribution system that equitably distributes the transfer fee among participating bridges, incentivizing honest behavior and sustained commitment. The purpose is to encourage bridge participation for higher decentralization and lower single-point-of-failure risks. The mathematical analysis and simulation results validate the effectiveness of PSCRD using two key metrics: the Gini index, which demonstrates a progressive improvement in the fairness of the reward distribution as new bridge groups joined the network; and the Nakamoto coefficient, which shows a significant improvement in decentralization over time. These findings highlight that PSCRD provides a more resilient and secure cross-chain bridge system without substantially increasing user costs.",Damilare Peter Oyinloye; Mohd Sameen Chishti; Jingyue Li,https://arxiv.org/abs/2512.10667,
arxiv,Bridging the Cybersecurity Gap Between Web2 and Web3 -- An Incident-Based Analysis of Organizational and Application-Level Security Failures,2026,arXiv,,2605.18484,"The rapid adoption of Web3 infrastructures has led to a growing number of security incidents affecting cryptocurrency exchanges, custody services and blockchain-based platforms. While existing research predominantly focuses on vulnerabilities in smart contracts and blockchain protocols, a substantial portion of real-world losses originates from off-chain systems, organizational processes and human-centered operational workflows. This paper presents a qualitative, incident-based analysis of publicly documented, high-impact security breaches in the Web3 ecosystem, including the Bybit exchange incident (2025), the Ronin Network bridge compromise (2022), and the DMM Bitcoin exchange breach (2024). The selected cases are systematically analysed and mapped to established Web2 security reference frameworks, including OWASP-based vulnerability categories and organizational security control domains. The results indicate that dominant failure patterns in Web3 environments are insufficiently addressed by generic security control catalogues, particularly with respect to cryptographic key management, transaction approval governance, signer and validator infrastructure, third-party tooling dependencies, and human-in-the-loop processes. Based on these findings, this paper argues for the adoption of established information security management systems (ISMS) in Web3 organizations and derives a structured set of blockchain-specific cybersecurity control categories to operationalize existing ISMS frameworks for blockchain-based systems. The proposed categories aim to bridge the gap between generic security governance frameworks and domain-specific risks inherent to Web3 infrastructures.",Tarkan Yavas; Arslan Brömme,https://arxiv.org/abs/2605.18484,
arxiv,Secure Open Federation of IoT Platforms Through Interledger Technologies -- The SOFIE Approach,2019,arXiv,,1908.02487,"The lack of interoperability among IoT platforms has led to a fragmented environment, where the users and society as a whole suffer from lock-ins, lack of privacy, and reduced functionality. This paper presents SOFIE, a solution for federating the existing IoT platforms in an open and secure manner using Distributed Ledger Technologies (DLTs) and without requiring modifications to the IoT platforms, and describes how SOFIE is used to enable two complex real life pilots: food supply chain tracking from field to fork and electricity distribution grid balancing with guided electrical vehicle (EV) charging. SOFIE's main contribution is to provide interoperability between IoT systems while also enabling new functionality and business models.",Dmitrij Lagutin; Francesco Bellesini; Tommaso Bragatto; Alessio Cavadenti; Vincenzo Croce; Yki Kortesniemi; Helen C. Leligou; Yannis Oikonomidis,https://arxiv.org/abs/1908.02487,
arxiv,Towards Scalable Cross-Chain Messaging,2023,arXiv,,2310.10016,"Blockchains were originally designed as closed execution environments and lack the ability to communicate directly with external systems. To overcome this limitation, many blockchains employ relayers, external applications capable of transporting data between different blockchains. Typically, the process of relaying data is permissionless and multiple independent relayers work concurrently to transport the same information between two blockchains. While this model increases the reliability of data delivery by providing redundancy, it also introduces challenges that have not been previously discussed. In this work, we bridge this gap by discussing the shortcomings of permissionless cross-chain relaying systems and identifying three issues that adversely impact their performance, scalability and security. We take the first step towards addressing issues that hinder performance and scalability by proposing a novel protocol to enable coordination among independent relayers. Additionally, we provide an in-depth discussion about the trade-offs associated with the design of relayer coordination protocols for permissionless settings. Through this work we provide a foundation for improving cross-chain relaying services.",Joao Otavio Chervinski; Diego Kreutz; Jiangshan Yu,https://arxiv.org/abs/2310.10016,
arxiv,A Pattern Sequence for Designing Blockchain-Based Healthcare Information Technology Systems,2020,arXiv,,2010.01172,"Known for its decentralized and tamper-aware properties, blockchain is attractive to enhance the infrastructure of systems that have been constrained by traditionally centralized and vendor-locked environments. Although blockchain has commonly been used as the operational model behind cryptocurrency, it has far more foreseeable utilities in domains like healthcare, where efficient data flow is highly demanded. Particularly, blockchain and related technologies have been touted as foundational technologies for addressing healthcare interoperability challenges, such as promoting effective communications and securing data exchanges across various healthcare systems. Despite the increasing interests in leveraging blockchain technology to improve healthcare infrastructures, a major gap in literature is the lack of available recommendations for concrete architectural styles and design considerations for creating blockchain-based apps and systems with a healthcare focus. This research provides two contributions to bridge the gap in existing research. First, we introduce a pattern sequence for designing blockchain-based healthcare systems focused on secure and at-scale data exchange. Our approach adapts traditional software patterns and proposes novel patterns that take into account both the technical requirements specific to healthcare systems and the implications of these requirements on naive blockchain-based solutions. Second, we provide a pattern-oriented reference architecture using an example application of the pattern sequence for guiding software developers to design interoperable (on the technical level) healthcare IT systems atop blockchain-based infrastructures. The reference architecture focuses on minimizing storage requirements on-chain, preserving the privacy of sensitive information, facilitating scalable communications, and maximizing evolvability of the system.",Peng Zhang; Douglas C. Schmidt; Jules White,https://arxiv.org/abs/2010.01172,
arxiv,From Portfolio Optimization to Quantum Blockchain and Security: A Systematic Review of Quantum Computing in Finance,2023,arXiv,,2307.01155,"In this paper, we provide an overview of the recent work in the quantum finance realm from various perspectives. The applications in consideration are Portfolio Optimization, Fraud Detection, and Monte Carlo methods for derivative pricing and risk calculation. Furthermore, we give a comprehensive overview of the applications of quantum computing in the field of blockchain technology which is a main concept in fintech. In that sense, we first introduce the general overview of blockchain with its main cryptographic primitives such as digital signature algorithms, hash functions, and random number generators as well as the security vulnerabilities of blockchain technologies after the merge of quantum computers considering Shor's quantum factoring and Grover's quantum search algorithms. We then discuss the privacy preserving quantum-resistant blockchain systems via threshold signatures, ring signatures, and zero-knowledge proof systems i.e. ZK-SNARKs in quantum resistant blockchains. After emphasizing the difference between the quantum-resistant blockchain and quantum-safe blockchain we mention the security countermeasures to take against the possible quantumized attacks aiming these systems. We finalize our discussion with quantum blockchain, efficient quantum mining and necessary infrastructures for constructing such systems based on quantum computing. This review has the intention to be a bridge to fill the gap between quantum computing and one of its most prominent application realms: Finance. We provide the state-of-the-art results in the intersection of finance and quantum technology for both industrial practitioners and academicians.",Abha Naik; Esra Yeniaras; Gerhard Hellstern; Grishma Prasad; Sanjay Kumar Lalta Prasad Vishwakarma,https://arxiv.org/abs/2307.01155,
arxiv,Blockchain for Internet of Things: A Survey,2019,arXiv,10.1109/jiot.2019.2920987,1906.00245,"Internet of Things (IoT) is reshaping the incumbent industry to smart industry featured with data-driven decision-making. However, intrinsic features of IoT result in a number of challenges such as decentralization, poor interoperability, privacy and security vulnerabilities. Blockchain technology brings the opportunities in addressing the challenges of IoT. In this paper, we investigate the integration of blockchain technology with IoT. We name such synthesis of blockchain and IoT as Blockchain of Things (BCoT). This paper presents an in-depth survey of BCoT and discusses the insights of this new paradigm. In particular, we first briefly introduce IoT and discuss the challenges of IoT. Then we give an overview of blockchain technology. We next concentrate on introducing the convergence of blockchain and IoT and presenting the proposal of BCoT architecture. We further discuss the issues about using blockchain for 5G beyond in IoT as well as industrial applications of BCoT. Finally, we outline the open research directions in this promising area.",Hong-Ning Dai; Zibin Zheng; Yan Zhang,https://arxiv.org/abs/1906.00245,
arxiv,4-Swap: Achieving Grief-Free and Bribery-Safe Atomic Swaps Using Four Transactions,2025,arXiv,,2508.04641,"Cross-chain asset exchange is crucial for blockchain interoperability. Existing solutions rely on trusted third parties and risk asset loss, or use decentralized alternatives like atomic swaps, which suffer from grief attacks. Griefing occurs when a party prematurely exits, locking the counterparty's assets until a timelock expires. Hedged Atomic Swaps mitigate griefing by introducing a penalty premium; however, they increase the number of transactions from four (as in Tier Nolan's swap) to six, which in turn introduces new griefing risks. Grief-Free (GF) Swap reduces this to five transactions by consolidating assets and premiums on a single chain. However, no existing protocol achieves grief-free asset exchange in just four transactions. This paper presents 4-Swap, the first cross-chain atomic swap protocol that is both grief-free and bribery-safe, while completing asset exchange in just four transactions. By combining the griefing premium and principal into a single transaction per chain, 4-Swap reduces on-chain transactions, leading to faster execution compared to previous grief-free solutions. It is fully compatible with Bitcoin and operates without the need for any new opcodes. A game-theoretic analysis shows that rational participants have no incentive to deviate from the protocol, ensuring robust compliance and security.",Kirti Singh; Vinay J. Ribeiro; Susmita Mandal,https://arxiv.org/abs/2508.04641,
arxiv,Efficient Mining Cluster Selection for Blockchain-based Cellular V2X Communications,2020,arXiv,,2007.01052,"Cellular vehicle-to-everything (V2X) communication is expected to herald the age of autonomous vehicles in the coming years. With the integration of blockchain in such networks, information of all granularity levels, from complete blocks to individual transactions, would be accessible to vehicles at any time. Specifically, the blockchain technology is expected to improve the security, immutability, and decentralization of cellular V2X communication through smart contract and distributed ledgers. Although blockchain-based cellular V2X networks hold promise, many challenges need to be addressed to enable the future interoperability and accessibility of such large-scale platforms. One such challenge is the offloading of mining tasks in cellular V2X networks. While transportation authorities may try to balance the network mining load, the vehicles may select the nearest mining clusters to offload a task. This may cause congestion and disproportionate use of vehicular network resources. To address this issue, we propose a game-theoretic approach for balancing the load at mining clusters while maintaining fairness among offloading vehicles. Keeping in mind the low-latency requirements of vehicles, we consider a finite channel blocklength transmission which is more practical compared to the use of infinite blocklength codes. The simulation results obtained with our proposed offloading framework show improved performance over the conventional nearest mining cluster selection technique.",Furqan Jameel; Muhammad Awais Javed; Sherali Zeadally; Riku Jantti,https://arxiv.org/abs/2007.01052,
arxiv,Strongly Connected Topology Model and Confirmation-based Propagation Method for Cross-chain Interaction,2021,arXiv,,2102.09237,"Cross-chain interaction is among different blockchains. When the number of blockchains increases, it is difficult for blockchains to form a single star topology or a fully connected topology. Meanwhile, different from legacy networks, the propagation method is required to keep the data validity. Thus, the blockchain topology and associated propagation methods are two key issues, which should be ensured during the propagation. In this paper, we first propose the confirmation-based propagation method to keep the validity of the cross-chain data. The confirmation method is to seal the cross-chain transaction synchronized from other blockchains. Second, we point out that a valid topology requires blockchains to be strongly connected. With this requirement, we propose several topologies, which match different connection scenarios. The simulation results show that the proposed methods can securely propagate the cross-chain data and the connection way is flexible.",Hong Su,https://arxiv.org/abs/2102.09237,
arxiv,Omnichain Web: The Universal Framework for Streamlined Chain Abstraction and Cross-Layer Interaction,2024,arXiv,,2411.10132,"The Web3 ecosystem is highly fragmented, making seamless integration difficult for over a billion Web2 businesses, enterprises, and AI protocols. As blockchains, rollups, and app-specific chains expand, cross-chain interactions remain inefficient, and liquidity is deeply fragmented. AI systems lack standardized blockchain access, limiting autonomous functionality. Intent-based interactions, crucial for AI-driven automation, face scalability issues due to the absence of robust execution platforms. Meanwhile, the current solver ecosystem is centralized, as liquidity rebalancing remains a challenge due to a lack of developer-friendly tools. Dojima's Omnichain Web introduces a universal framework that abstracts blockchain complexity, bridging Web2, Web3, and AI. At its core, OmniRollups facilitate scalable execution across chains, while the Omni Sequencer ensures atomic, secure intent processing. Linera microchains enable AI-driven transaction automation, seamlessly integrating with Web3 data streams. Ragno Network decentralizes L1 infrastructure, optimizing cross-chain liquidity flows, while the Proof Network enhances cryptographic security for omnichain transactions. Finally, the Builder Marketplace introduces a solver-driven execution layer, allowing developers to build and monetize intent-based applications without liquidity constraints. By fostering a composable marketplace at the intersection of Web2 and Web3, Omnichain Web enables the seamless flow of data, value, and computation. This framework mirrors the internet, bridging Web3 decentralization with Web2 scale to drive the next wave of adoption.",Hardik Gajera; Akhil Reddy; Bhagath Reddy,https://arxiv.org/abs/2411.10132,
arxiv,VeilAudit: Breaking the Deadlock Between Privacy and Accountability Across Blockchains,2025,arXiv,,2510.12153,"Cross chain interoperability in blockchain systems exposes a fundamental tension between user privacy and regulatory accountability. Existing solutions enforce an all or nothing choice between full anonymity and mandatory identity disclosure, which limits adoption in regulated financial settings. We present VeilAudit, a cross chain auditing framework that introduces Auditor Only Linkability, which allows auditors to link transaction behaviors that originate from the same anonymous entity without learning its identity. VeilAudit achieves this with a user generated Linkable Audit Tag that embeds a zero knowledge proof to attest to its validity without exposing the user master wallet address, and with a special ciphertext that only designated auditors can test for linkage. To balance privacy and compliance, VeilAudit also supports threshold gated identity revelation under due process. VeilAudit further provides a mechanism for building reputation in pseudonymous environments, which enables applications such as cross chain credit scoring based on verifiable behavioral history. We formalize the security guarantees and develop a prototype that spans multiple EVM chains. Our evaluation shows that the framework is practical for today multichain environments.",Minhao Qiao; Hai Dong; Iqbal Gondal,https://arxiv.org/abs/2510.12153,
arxiv,$d$-MABE: Distributed Multilevel Attribute-Based EMR Management and Applications,2019,arXiv,,1904.11432,"Current systems used by medical institutions for the management and transfer of Electronic Medical Records (EMR) can be vulnerable to security and privacy threats. In addition, these centralized systems often lack interoperability and give patients limited or no access to their own EMRs. In this paper, we propose a novel distributed data sharing scheme that applies the security benefits of blockchain to handle these concerns. With blockchain, we incorporate smart contracts and a distributed storage system to alleviate the dependence on the record-generating institutions to manage and share patient records. To preserve privacy of patient records, we implement our smart contracts as a method to allow patients to verify attributes prior to granting access rights. Our proposed scheme also facilitates selective sharing of medical records among staff members that belong to different levels of a hierarchical institution. We provide extensive security, privacy, and evaluation analyses to show that our proposed scheme is both efficient and practical.",Ehab Zaghloul; Tongtong Li; Matt Mutka; Jian Ren,https://arxiv.org/abs/1904.11432,
arxiv,FedChain: Secure Proof-of-Stake-based Framework for Federated-blockchain Systems,2021,arXiv,,2101.12428,"In this paper, we propose FedChain, a novel framework for federated-blockchain systems, to enable effective transferring of tokens between different blockchain networks. Particularly, we first introduce a federated-blockchain system together with a cross-chain transfer protocol to facilitate the secure and decentralized transfer of tokens between chains. We then develop a novel PoS-based consensus mechanism for FedChain, which can satisfy strict security requirements, prevent various blockchain-specific attacks, and achieve a more desirable performance compared to those of other existing consensus mechanisms. Moreover, a Stackelberg game model is developed to examine and address the problem of centralization in the FedChain system. Furthermore, the game model can enhance the security and performance of FedChain. By analyzing interactions between the stakeholders and chain operators, we can prove the uniqueness of the Stackelberg equilibrium and find the exact formula for this equilibrium. These results are especially important for the stakeholders to determine their best investment strategies and for the chain operators to design the optimal policy to maximize their benefits and security protection for FedChain. Simulations results then clearly show that the FedChain framework can help stakeholders to maximize their profits and the chain operators to design appropriate parameters to enhance FedChain's security and performance.",Cong T. Nguyen; Dinh Thai Hoang; Diep N. Nguyen; Yong Xiao; Hoang-Anh Pham; Eryk Dutkiewicz; Nguyen Huynh Tuong,https://arxiv.org/abs/2101.12428,
arxiv,CCN: Decentralized Cross-Chain Channel Networks Supporting Secure and Privacy-Preserving Multi-Hop Interactions,2025,arXiv,,2512.03791,"Cross-chain technology enables interoperability among otherwise isolated blockchains, supporting interactions across heterogeneous networks. Similar to how multi-hop communication became fundamental in the evolution of the Internet, the demand for multi-hop cross-chain interactions is gaining increasing attention. However, this growing demand introduces new security and privacy challenges. On the security side, multi-hop interactions depend on the availability of multiple participating nodes. If any node becomes temporarily offline during execution, the protocol may fail to complete correctly, leading to settlement failure or fund loss. On the privacy side, the need for on-chain transparency to validate intermediate states may unintentionally leak linkable information, compromising the unlinkability of user interactions. In this paper, we propose the Cross-Chain Channel Network (CCN), a decentralized network designed to support secure and privacy-preserving multi-hop cross-chain transactions. Through experimental evaluation, we identify two critical types of offline failures, referred to as active and passive offline cases, which have not been adequately addressed by existing solutions. To mitigate these issues, we introduce R-HTLC, a core protocol within CCN. R-HTLC incorporates an hourglass mechanism and a multi-path refund strategy to ensure settlement correctness even when some nodes go offline during execution. Importantly, CCN addresses not only the correctness under offline conditions but also maintains unlinkability in such adversarial settings. To overcome this, CCN leverages zero-knowledge proofs and off-chain coordination, ensuring that interaction relationships remain indistinguishable even when certain nodes are temporarily offline.",Minghui Xu; Yihao Guo; Yanqiang Zhang; Zhiguang Shan; Guangyong Shang; Zhen Ma; Bin Xiao; Xiuzhen Cheng,https://arxiv.org/abs/2512.03791,
arxiv,"Towards Secured Smart Grid 2.0: Exploring Security Threats, Protection Models, and Challenges",2024,arXiv,,2411.04365,"Many nations are promoting the green transition in the energy sector to attain neutral carbon emissions by 2050. Smart Grid 2.0 (SG2) is expected to explore data-driven analytics and enhance communication technologies to improve the efficiency and sustainability of distributed renewable energy systems. These features are beyond smart metering and electric surplus distribution in conventional smart grids. Given the high dependence on communication networks to connect distributed microgrids in SG2, potential cascading failures of connectivity can cause disruption to data synchronization to the remote control systems. This paper reviews security threats and defense tactics for three stakeholders: power grid operators, communication network providers, and consumers. Through the survey, we found that SG2's stakeholders are particularly vulnerable to substation attacks/vandalism, malware/ransomware threats, blockchain vulnerabilities and supply chain breakdowns. Furthermore, incorporating artificial intelligence (AI) into autonomous energy management in distributed energy resources of SG2 creates new challenges. Accordingly, adversarial samples and false data injection on electricity reading and measurement sensors at power plants can fool AI-powered control functions and cause messy error-checking operations in energy storage, wrong energy estimation in electric vehicle charging, and even fraudulent transactions in peer-to-peer energy trading models. Scalable blockchain-based models, physical unclonable function, interoperable security protocols, and trustworthy AI models designed for managing distributed microgrids in SG2 are typical promising protection models for future research.",Lan-Huong Nguyen; Van-Linh Nguyen; Ren-Hung Hwang; Jian-Jhih Kuo; Yu-Wen Chen; Chien-Chung Huang; Ping-I Pan,https://arxiv.org/abs/2411.04365,
arxiv,Blockchain Signatures to Ensure Information Integrity and Non-Repudiation in the Digital Era: A comprehensive study,2025,arXiv,,2510.22561,"Blockchain systems rely on decentralized ledgers and strong security guarantees. A key requirement is non-repudiation, which prevents denial of transaction authorship and supports integrity of recorded data. This work surveys digital signature schemes used in blockchain platforms and analyzes how they deliver non-repudiation and contribute to overall system security. We examine representative scheme families and their cryptographic foundations, security assumptions, and properties relevant to deployment, including unforgeability, resistance to malleability, support for aggregation and multisignature or threshold settings, key and signature sizes, and verification cost. Using these criteria, we compare the suitability of different designs for consensus protocols, smart contract constraints, and resource limits. We highlight practical tradeoffs that affect throughput, storage, scalability, and attack surfaces, and summarize benefits and limitations of each scheme in blockchain contexts. The study underscores that carefully chosen digital signatures are central to achieving non-repudiation and preserving information integrity, and it outlines implementation considerations and open directions such as interoperability and post-quantum readiness.",Kaveri Banerjee; Sajal Saha,https://arxiv.org/abs/2510.22561,
arxiv,Crossroads: A Smart Contract Layer for Chain-Abstracted Assets,2026,arXiv,,2607.06525,"This paper introduces Crossroads, a smart contract layer for chain-abstracted assets. In Crossroads, assets from nearly any chain are represented on a single backend blockchain as ERC-20 tokens. As a result, any asset can participate in smart-contract-based exchange, lending, or privacy applications on a single unified platform. So while Crossroads offers cross-chain bridging, a common, partial approach to alleviating the fragmentation of the blockchain ecosystem today, this is just one service within Crossroads' general-purpose chain-abstraction model. Crossroads relies on key encumbrance: a threshold signing committee holds encumbered keys controlling assets on each integrated chain, signing transactions only as authorized by smart contracts on the backend blockchain. Asset movements are fee-efficient, as ownership changes are recorded on the backend blockchain and users may set the transaction fee for withdrawals. Crossroads enables permissionless, modular integration of new blockchains using pluggable oracles with flexible design options (zkBridge, TEE-based, hybrid). Asset deposits into Crossroads benefit from strong, chain-specific finalization guarantees, minimizing the risk of reorg attacks. Unlike existing bridges, however, third-party smart contracts in Crossroads can provide fast, optimistic access to funds before finalization completes. We prove that Crossroads satisfies soundness: given an honest quorum of signing committee members, any user can unilaterally generate a withdrawal transaction transferring their net balance to an account on an integrated blockchain. We implement a proof of concept across multiple public blockchains: Bitcoin, Ethereum, and Solana. We catalog a range of applications enabled by Crossroads, including universal wallets, cross-chain staking and lending, privacy-preserving payments, and private management of public blockchain assets.",James Austgen; Dani Vilardell; Ari Juels,https://arxiv.org/abs/2607.06525,
arxiv,BlockChain I/O: Enabling Cross-Chain Commerce,2023,arXiv,,2308.02163,"Blockchain technology enables secure tokens transfers in digital marketplaces, and recent advances in this field provide other desirable properties such as efficiency, privacy, and price stability. However, these properties do not always generalize to a setting across multiple independent blockchains. Despite the growing number of existing blockchain platforms, there is a lack of an overarching framework whose components provide all of the necessary properties for practical cross-chain commerce. We present BlockChain I/O to provide such a framework. BlockChain I/O introduces entities called cross-chain services to relay information between different blockchains. The proposed design ensures that cross-chain services cannot violate transaction safety, and they are furthermore disincentivized from other types of misbehavior through an audit system. BlockChain I/O uses native stablecoins to mitigate price fluctuations, and a decentralized ID system to allow users to prove aspects of their identity without violating privacy. After presenting the core architecture of BlockChain I/O, we demonstrate how to use it to implement a cross-chain marketplace and discuss how its desirable properties continue to hold in the end-to-end system. Finally, we use experimental evaluations to demonstrate BlockChain I/O's practical performance.",Anwitaman Datta; Daniël Reijsbergen; Jingchi Zhang; Suman Majumder,https://arxiv.org/abs/2308.02163,
arxiv,Gasp: A DeFi Application Specic Rollup as a Consolidation Layer for All Assets,2026,arXiv,,2607.16052,"Gasp is a decentralized exchange designed as an application-specific Layer 2 (L2) rollup with omnichain connectivity, leveraging EigenLayer's restaked ETH for computation correctness and finalization. With a goal of being a consolidation layer for all crypto assets, the Gasp platform employs optimistic rollup technology to facilitate gas-free, native cross-chain swaps without reliance on traditional bridges, ensuring tokens retain their original L1 grade security. By combining an app-chain architecture with escape hatch mechanisms, Gasp guarantees withdrawal, while MEV minimization through Themis architecture reduces value extraction risks. Gasp's proof-of-liquidity framework unlocks staked liquidity, enhancing capital efficiency and liquidity depth by integrating staking with liquidity provisioning. Additionally, the protocol introduces a time-based reward mechanism, incentivizing long-term liquidity commitment via an asymptotic reward curve. This paper examines the current challenges in cross-chain communication, delineates Gasp's architectural innovations and security guarantees, and examines novel approaches to optimizing DeFi ecosystems.",Stanislav Vozarik; Mateusz Nowakowski; Shoeb Siddiqui; Elliot Hill; Gleb Urvanov; Peter Kris,https://arxiv.org/abs/2607.16052,
arxiv,Cross-chain between a Parent Chain and Multiple Side Chains,2022,arXiv,,2208.05125,"In certain Blockchain systems, multiple Blockchains are required to operate cooperatively for security, performance, and capacity considerations. This invention defines a cross-chain mechanism where a main Blockchain issues the tokens, which can then be transferred and used in multiple side Blockchains to drive their operations. A set of witnesses are created to securely manage the token exchange across the main chain and multiple side chains. The system decouples the consensus algorithms between the main chain and side chains. We also discuss the coexistence of the main tokens and the native tokens in the side chains.",Guangsheng Yu; Xu Wang; Ren Ping Liu,https://arxiv.org/abs/2208.05125,
arxiv,Orchestrating Product Provenance Story: When IOTA ECOSYSTEM Meets The Electronics Supply Chain Space,2019,arXiv,10.1016/j.compind.2020.103334,1902.04314,"""Trustworthy data"" is the fuel for ensuring transparent traceability, precise decision-making, and cogent coordination in the supply chain (SC) space. However, the disparate data silos act as a trade barrier in orchestrating the provenance of product story starting from the transformation of raw materials into the circuit board to the assembling of electronic components into end products available on the store shelf for customers. Therefore, to bridge the fragmented siloed information across global supply chain partners, the diffusion of blockchain (BC) as one of the advanced distributed ledger technology (DLT) takeover the on-premise legacy systems. Nevertheless, the challenging constraints of blockchain including scalability, accessing off-line data, fee-less microtransactions and many more lead to the third wave of blockchain called IOTA. In this paper, we propose a framework for supporting provenance in the electronic supply chain (ECS) by using permissioned IOTA ledger. Realizing the crucial requirement of trustworthy data, we use Masked Authenticated Messaging (MAM) channel provided by IOTA that allows the SC players to procure distributed information while keeping confidential trade flows, tamper-proof data, and fine-grained accessibility rights. To identify operational disruption, we devise a transparent product ledger through transaction data and consignment information to keep track of the complete product journey at each intermediary step during SC processes. Furthermore, we evaluate the secure provenance data construction time for varying payload size.",Sabah Suhail; Rasheed Hussain; Choong Seon Hong; Abid Khan,https://arxiv.org/abs/1902.04314,
arxiv,Gateways for Institutional-Grade Commerce and Interoperability of Digital Assets,2025,arXiv,,2501.17732,"It is time for the legacy financial infrastructure to seamlessly connect with modern, decentralized infrastructure. Although it is increasingly evident that decentralized infrastructure for finance (namely distributed ledgers) will coexist with and complement legacy infrastructure, it is also clear that such interoperability efforts carry new risks and concerns. In particular, managing the range of heterogeneous (and not well-established) infrastructure brings security, privacy, and regulatory issues. The first step to overcome some of these challenges is to recognize that in many deployment instances using distributed ledgers, the purpose of the ledger is to share resources among the community members. The second step after recognizing that borders exist is to understand that interoperability across systems can be best achieved through the use of standardized service interfaces (or application programming interfaces (API)). In this paper we use the term ledger gateways (or simply gateways) to denote the computer and software systems that implement the standardized service interfaces into a distributed ledger. The main purpose of a gateway is to communicate with other peer gateways that implement the same standardized service interface. Among others, peer gateways perform the transfer of data and value across borders (legal or national borders). Gateways also become a mechanism to manage a permissioned environment, where abiding by laws and regulations is crucial for business compliance (e.g., EU General Data Protection Regulations (GDPR), EU MiCa regulation on digital assets, FAFT Recommendation 15, ISO 27001.",Rafael Belchior; Thomas Hardjono; Alex Chiriac; Venkatraman Ranakrishna,https://arxiv.org/abs/2501.17732,
arxiv,Security Analysis of Smart Contract Migration from Ethereum to Arbitrum,2023,arXiv,,2307.14773,"When migrating smart contracts from one blockchain platform to another, there are potential security risks. This is because different blockchain platforms have different environments and characteristics for executing smart contracts. The focus of this paper is to study the security risks associated with the migration of smart contracts from Ethereum to Arbitrum. We collected relevant data and analyzed smart contract migration cases to explore the differences between Ethereum and Arbitrum in areas such as Arbitrum cross-chain messaging, block properties, contract address alias, and gas fees. From the 36 types of smart contract migration cases we identified, we selected 4 typical types of cases and summarized their security risks. The research shows that smart contracts deployed on Ethereum may face certain potential security risks during migration to Arbitrum, mainly due to issues inherent in public blockchain characteristics, such as outdated off-chain data obtained by the inactive sequencer, logic errors based on time, the permission check failed, Denial of Service(DOS) attacks. To mitigate these security risks, we proposed avoidance methods and provided considerations for users and developers to ensure a secure migration process. It's worth noting that this study is the first to conduct an in-depth analysis of the secure migration of smart contracts from Ethereum to Arbitrum.",Xueyan Tang; Lingzhi Shi,https://arxiv.org/abs/2307.14773,
arxiv,Harmonizing sensitive data exchange and double-spending prevention through blockchain and digital wallets: The case of e-prescription management,2021,arXiv,10.1145/3571509,2109.06174,"The digital transformation of the medical sector requires solutions that are convenient and efficient for all stakeholders while protecting patients' sensitive data. One example that has already attracted design-oriented research are medical prescriptions. However, current implementations of electronic prescription management systems typically create centralized data silos, leaving user data vulnerable to cybersecurity incidents and impeding interoperability. Research has also proposed decentralized solutions based on blockchain technology, but privacy-related challenges have often been ignored. We conduct design science research to develop and implement a system for the exchange of electronic prescriptions that builds on two blockchains and a digital wallet app. Our solution combines the bilateral, verifiable, and privacy-focused exchange of information between doctors, patients, and pharmacies through verifiable credentials with a token-based, anonymized double-spending check. Our qualitative and quantitative evaluations as well as a security analysis suggest that this architecture can improve existing approaches to electronic prescription management by offering patients control over their data by design, a high level of security, sufficient performance and scalability, and interoperability with emerging digital identity management solutions for users, businesses, and institutions. We also derive principles on how to design decentralized, privacy-oriented information systems that require both the exchange of sensitive information and double-usage protection.",Vincent Schlatt; Johannes Sedlmeir; Janina Traue; Fabiane Völter,https://arxiv.org/abs/2109.06174,
arxiv,The CryptoNeo Threat Modelling Framework (CNTMF): Securing Neobanks and Fintech in Integrated Blockchain Ecosystems,2025,arXiv,,2507.14007,"The rapid integration of blockchain, cryptocurrency, and Web3 technologies into digital banks and fintech operations has created an integrated environment blending traditional financial systems with decentralised elements. This paper introduces the CryptoNeo Threat Modelling Framework (CNTMF), a proposed framework designed to address the risks in these ecosystems, such as oracle manipulation and cross-chain exploits. CNTMF represents a proposed extension of established methodologies like STRIDE, OWASP Top 10, NIST frameworks, LINDDUN, and PASTA, while incorporating tailored components including Hybrid Layer Analysis, the CRYPTOQ mnemonic for cryptocurrency-specific risks, and an AI-Augmented Feedback Loop. Drawing on real-world data from 2025 incidents, CNTMF supports data-driven mitigation to reduce losses, which totalled approximately $2.47 billion in the first half of 2025 across 344 security events (CertiK via GlobeNewswire, 2025; Infosecurity Magazine, 2025). Its phases guide asset mapping, risk profiling, prioritisation, mitigation, and iterative feedback. This supports security against evolving risks like state-sponsored attacks.",Serhan W. Bahar,https://arxiv.org/abs/2507.14007,
arxiv,Preventing Denial of Service Attacks in IoT Networks through Verifiable Delay Functions,2020,arXiv,10.1109/globecom42002.2020.9322260,2006.01977,"Permissionless distributed ledgers provide a promising approach to deal with the Internet of Things (IoT) paradigm. Since IoT devices mostly generate data transactions and micropayments, distributed ledgers that use fees to regulate the network access are not an optimal choice. In this paper, we study a feeless architecture developed by IOTA and designed specifically for the IoT. Due to the lack of fees, malicious nodes can exploit this feature to generate an unbounded number of transactions and perform a denial of service attacks. We propose to mitigate these attacks through verifiable delay functions. These functions, which are non-parallelizable, hard to compute, and easy to verify, have been formulated only recently. In our work, we design a denial of service prevention mechanism which addresses network heterogeneity, limited node computational capabilities, and hardware-specific implementation optimizations. Verifiable delay functions have mostly been studied from a theoretical point of view, but little has been done in tangible applications. Hence, this paper can be considered as a pioneer work in the field, since it builds a bridge between this theoretical mathematical framework and a real-world problem.",Vidal Attias; Luigi Vigneri; Vassil Dimitrov,https://arxiv.org/abs/2006.01977,
arxiv,STAKESURE: Proof of Stake Mechanisms with Strong Cryptoeconomic Safety,2024,arXiv,,2401.05797,"As of July 15, 2023, Ethererum, which is a Proof-of-Stake (PoS) blockchain [1] has around 410 Billion USD in total assets on chain (popularly referred to as total-value-locked, TVL) but has only 33 Billion USD worth of ETH staked in securing the underlying consensus of the chain [2]. A preliminary analysis might suggest that as the amount staked is far less (11x less) than the value secured, the Ethereum blockchain is insecure and ""over-leveraged"" in a purely cryptoeconomic sense. In this work, we investigate how Ethereum, or, more generally, any PoS blockchain can be made secure despite this apparent imbalance. Towards that end, we attempt to formalize a model for analyzing the cryptoeconomic safety of PoS blockchain, which separately analyzes the cost-of-corruption, the cost incurred by an attacker, and the profit-from-corruption, the profit gained by an attacker. We derive sharper bounds on profit-from-corruption, as well as new confirmation rules that significantly decrease this upper-bound. We evaluate cost-of-corruption and profit-from-corruption only from the perspective of attacking safety. Finally, we present a new ""insurance"" mechanism, STAKESURE, for allocating the slashed funds in a PoS system, that has several highly desirable properties: solving common information problem in existing blockchains, creating a mechanism for provably safe bridging, and providing the first sharp solution for automatically adjusting how much economic security is sufficient in a PoS system. Finally, we show that the system satisfies a notion of strong cryptoeconomic safety, which guarantees that no honest transactor ever loses money, and creates a closed system of Karma, which not only ensures that the attacker suffers a loss of funds but also that the harmed parties are sufficiently compensated.",Soubhik Deb; Robert Raynor; Sreeram Kannan,https://arxiv.org/abs/2401.05797,
arxiv,A Multichain based marketplace Architecture,2024,arXiv,,2402.06636,"]A multichain non-fungible tokens (NFTs) marketplace is a decentralized platform where users can buy, sell, and trade NFTs across multiple blockchain networks by using cross communication bridge. In past most of NFT marketplace was based on singlechain in which NFTs have been bought, sold, and traded on a same blockchain network without the need for any external platform. The singlechain based marketplace have faced number of issues such as performance, scalability, flexibility and limited transaction throughput consequently long confirmation times and high transaction fees during high network usage. Firstly, this paper provides the comprehensive overview about NFT Multichain architecture and explore the challenges and opportunities of designing and implementation phase of multichain NFT marketplace to overcome the issue of single chain-based architecture. NFT multichain marketplace architecture includes different blockchain networks that communicate with each other. Secondly, this paper discusses the concept of mainchain interacting with sidechains which refers to multi blockchain architecture where multiple blockchain networks are connected to each other in a hierarchical structure and identifies key challenges related to interoperability, security, scalability, and user adoption. Finally, we proposed a novel architecture for a multichain NFT marketplace, which leverages the benefits of multiple blockchain networks and marketplaces to overcome these key challenges. Moreover, proposed architecture is evaluated through a case study, demonstrating its ability to support efficient and secure transactions across multiple blockchain networks and highlighting the future trends NFTs and marketplaces and comprehensive discussion about the technology.",Muhammad Shoaib Farooq; Hamza Jamil; Hafiz Sohail Riaz,https://arxiv.org/abs/2402.06636,
arxiv,Skillsets on the Chain: A Blockchain-based Zero-Trust Framework for Agentic AI Networking,2026,arXiv,,2608.00104,"Agentic AI networking (AgentNet) systems rely heavily on third-party skillset implementations and distributed multi-agent collaboration, yet they face major claim-to-capability inconsistencies and security vulnerabilities under trust-by-declaration assumptions. To bridge this gap, this paper proposes TrustAgentNet, a dual-tier blockchain-secured zero-trust framework. Specifically, a global Chain of Skillsets (CoS) governs the lifecycle of skillset metadata with protocols empowered by specialized agents to enforce off-chain auditing while maintaining lightweight on-chain cryptographic consensus. Furthermore, transient, task-oriented Chains of Collaboration (CoC) are dynamically established to enable trustless distributed multi-agent collaboration. Theoretical analysis of the three-way trade-off among security level, task performance, and resource overhead is provided and empirically validated. Experimental results on a hardware prototype demonstrate that compared with no-blockchain trust-by-default baselines, the zero-trust overhead of TrustAgentNet is dominated by off-chain inference, while the blockchain layer incurs minor ledger costs via the ledger-IPFS storage and on/off-chain integration design. Crucially, the proposed verification pipeline achieves a flawless 100% accuracy across 50 AI models, correctly validating 40 honest skillsets and intercepting 10 adversarial ones, and generalizes to non-AI domains with an 83.91% accuracy and a 0.85 F1-score across 1478 features from 171 ClawHub skills. Adversarial experiments further show that TrustAgentNet enables autonomous skillset self-recovery against various malicious attacks.",Yayu Gao; Yong Xiao; Hao Hu; Xubo Li; Zhiwei Liu; Yingyu Li; Guangming Shi; Ping Zhang,https://arxiv.org/abs/2608.00104,
arxiv,LayerZero: Trustless Omnichain Interoperability Protocol,2021,arXiv,,2110.13871,"The proliferation of blockchains has given developers a variety of platforms on which to run their smart contracts based on application features and requirements for throughput, security, and cost. However, a consequence of this freedom is severe fragmentation; Each chain is isolated, forcing users to silo their liquidity and limiting options to move liquidity and state between walled ecosystems. This paper presents LayerZero, the first trustless omnichain interoperability protocol, which provides a powerful, low level communication primitive upon which a diverse set of cross-chain applications can be built. Using this new primitive, developers can implement seamless inter-chain applications like a cross-chain DEX or multi-chain yield aggregator without having to rely on a trusted custodian or intermediate transactions. Simply put, LayerZero is the first system to trustlessly enable direct transactions across all chains. Allowing transactions to flow freely between chains provides opportunities for users to consolidate fragmented pockets of liquidity while also making full use of applications on separate chains. With LayerZero, we provide the network fabric underlying the fully-connected omnichain ecosystem of the future.",Ryan Zarick; Bryan Pellegrino; Caleb Banister,https://arxiv.org/abs/2110.13871,
arxiv,Blockchain-Enabled Management Framework for Federated Coalition Networks,2025,arXiv,,2503.09666,"In a globalized and interconnected world, interoperability has become a key concept for advancing tactical scenarios. Federated Coalition Networks (FCN) enable cooperation between entities from multiple nations while allowing each to maintain control over their systems. However, this interoperability necessitates the sharing of increasing amounts of information between different tactical assets, raising the need for higher security measures. Emerging technologies like blockchain drive a revolution in secure communications, paving the way for new tactical scenarios. In this work, we propose a blockchain-based framework to enhance the resilience and security of the management of these networks. We offer a guide to FCN design to help a broad audience understand the military networks in international missions by a use case and key functions applied to a proposed architecture. We evaluate its effectiveness and performance in information encryption to validate this framework.",Jorge Álvaro González; Ana María Saiz García; Victor Monzon Baeza,https://arxiv.org/abs/2503.09666,
arxiv,Decentralized Trusted Computing Base for Blockchain Infrastructure Security,2019,arXiv,,1905.04412,"There is a growing interest today in blockchain technology as a possible foundation for the future global financial ecosystem. However, in order for this future financial ecosystem to be truly global, with a high degree of interoperability and stability, a number challenges need to be addressed related to infrastructure security. One key aspect concerns the security and robustness of the systems that participate in the blockchain peer-to-peer networks. In this paper we discuss the notion of the decentralized trusted computing base as an extension of the TCB concept in trusted computing. We explore how a decentralized TCB can be useful to (i) harden individual nodes and systems in the blockchain infrastructure, and (ii) be the basis for secure group-oriented computations making within the P2P network of nodes that make-up the blockchain system.",Thomas Hardjono; Ned Smith,https://arxiv.org/abs/1905.04412,
arxiv,Distributed Runtime Verification of Metric Temporal Properties for Cross-Chain Protocols,2022,arXiv,,2204.09796,"Transactions involving multiple blockchains are implemented by cross-chain protocols. These protocols are based on smart contracts, programs that run on blockchains, executed by a network of computers. Because smart contracts can automatically transfer ownership of cryptocurrencies, electronic securities, and other valuable assets among untrusting parties, verifying the runtime correctness of smart contracts is a problem of compelling practical interest. Such verification is challenging since smart contract execution is time-sensitive, and the clocks on different blockchains may not be perfectly synchronized. This paper describes a method for runtime monitoring of blockchain executions. First, we propose a generalized runtime verification technique for verifying partially synchronous distributed computations for the metric temporal logic (MTL) by exploiting bounded-skew clock synchronization. Second, we introduce a progression-based formula rewriting scheme for monitoring \MTL specifications which employ SMT solving techniques and report experimental results.",Ritam Ganguly; Yingjie Xue; Aaron Jonckheere; Parker Ljung; Benjamin Schornstein; Borzoo Bonakdarpour; Maurice Herlihy,https://arxiv.org/abs/2204.09796,
arxiv,Self-Sovereign Identity for Trust and Interoperability in the Metaverse,2023,arXiv,,2303.00422,"With the advancement in computing power and speed, the Internet is being transformed from screen-based information to immersive and extremely low latency communication environments in web 3.0 and the Metaverse. With the emergence of the Metaverse technology, more stringent demands are required in terms of connectivity such as secure access and data privacy. Future technologies such as 6G, Blockchain, and Artificial Intelligence (AI) can mitigate some of these challenges. The Metaverse is now on the verge where security and privacy concerns are crucial for the successful adaptation of such disruptive technology. The Metaverse and web 3.0 are to be decentralized, anonymous, and interoperable. Metaverse is the virtual world of Digital Twins and non-fungible tokens (NFTs). The control and possession of users' data on centralized servers are the cause of numerous security and privacy concerns. This paper proposes a solution for the security and interoperability challenges using Self-Sovereign Identity (SSI) integrated with blockchain. The philosophy of Self-Sovereign Identity, where the users are the only holders and owners of their identity, comes in handy to solve the questions of decentralization, trust, and interoperability in the Metaverse. This work also discusses the vision of a single, open standard, trustworthy, and interoperable Metaverse with initial design and implementation of SSI concepts.",Siem Ghirmai; Daniel Mebrahtom; Moayad Aloqaily; Mohsen Guizani; Merouane Debbah,https://arxiv.org/abs/2303.00422,
arxiv,0xPass: A Secure Protocol for Universal Cross-Chain Accounts,2026,arXiv,,2608.18359,"Universal accounts allow users to manage assets and execute operations across heterogeneous blockchain ecosystems through a single interface, but they introduce security and trust challenges involving authentication, authorization, transaction signing, key custody, recovery, and decentralization. This paper presents 0xPass, a modular protocol architecture for universal cross-chain accounts. 0xPass separates request orchestration, transaction solving, and transaction signing into interoperable layers. User-approved requests are bound to authenticated identities and authorized across layers, while threshold signatures prevent any single transaction node from holding a complete signing key. The design also supports constrained authorization delegation, transaction policies, account recovery, distributed key management, and auditable communication among independently operated sub-networks. We describe a staged deployment path from a centrally operated service to a permissioned network and ultimately to a permissionless network with third-party modules, collateral-backed onboarding, and rotating key-management committees. The resulting architecture provides a practical framework for extending cross-chain account functionality while progressively reducing centralized trust and preserving user control over transaction authorization.",Keon Kim; Krish Chelikavada,https://arxiv.org/abs/2608.18359,
arxiv,OAuth 2.0 authorization using blockchain-based tokens,2020,arXiv,,2001.10461,"OAuth 2.0 is the industry-standard protocol for authorization. It facilitates secure service provisioning, as well as secure interoperability among diverse stakeholders. All OAuth 2.0 protocol flows result in the creation of an access token, which is then used by a user to request access to a protected resource. Nevertheless, the definition of access tokens is transparent to the OAuth 2.0 protocol, which does not specify any particular token format, how tokens are generated, or how they are used. Instead, the OAuth 2.0 specification leaves all these as design choices for integrators. In this paper, we propose a new type of OAuth 2.0 token backed by a distributed ledger. Our construction is secure, and it supports proof-of-possession, auditing, and accountability. Furthermore, we provide added-value token management services, including revocation, delegation, and fair exchange by leveraging smart contracts. We realized a proof-of-concept implementation of our solution using Ethereum smart contracts and the ERC-721 token specification.",Nikos Fotiou; Iakovos Pittaras; Vasilios A. Siris; Spyros Voulgaris; George C. Polyzos,https://arxiv.org/abs/2001.10461,
arxiv,From Paradigm Shift to Audit Rift: Empirical Analysis and Validation of Security Audit Methodologies for Asynchronous Smart Contract Systems,2025,arXiv,,2509.10823,"The Open Network (TON) is a high-performance blockchain platform designed for scalability and efficiency, leveraging an asynchronous execution model and a multi-layered architecture. While TON's design offers significant advantages, it also introduces unique challenges for smart contract development and security. This paper introduces a comprehensive audit checklist for TON smart contracts, based on an empirical analysis of 34 professional audit reports containing 233 real-world vulnerabilities. The checklist addresses TON-specific challenges, such as asynchronous message handling, and provides actionable insights for developers and auditors. We also present detailed case studies of vulnerabilities in TON smart contracts, highlighting their implications and offering lessons learned. To validate practical utility, we conducted a practitioner survey (n=11 complete responses), confirming the checklist's value alongside automated tools. By adopting this checklist, developers and auditors can systematically identify and mitigate vulnerabilities, enhancing the security and reliability of TON-based projects. Our work bridges the gap between Ethereum's mature audit methodologies and the emerging needs of the TON ecosystem, fostering a more secure and robust blockchain environment.",Yury Yanovich; Sergey Sobolev; Yash Madhwal; Kirill Ziborov; Vladimir Gorgadze; Victoria Kovalevskay; Elizaveta Smirnova; Matvey Mishuris,https://arxiv.org/abs/2509.10823,
arxiv,"""Blockchain-Enabled Zero Trust Framework for Securing FinTech Ecosystems Against Insider Threats and Cyber Attacks""",2025,arXiv,,2507.19976,"Fintech provides technological services to increase operational efficiency in financial institutions, but traditional perimeter-based defense mechanisms are insufficient against evolving cyber threats like insider attacks, malware intrusions, and Advanced Persistent Threats (APTs). These vulnerabilities expose Fintech organizations to significant risks, including financial losses and data breaches. To address these challenges, this paper proposes a blockchain-integrated Zero Trust framework, adhering to the principle of ""Never Trust, Always Verify."" The framework uses Ethereum smart contracts to enforce Multi Factor Authentication (MFA), Role-Based Access Control (RBAC), and Just-In-Time (JIT) access privileges, effectively mitigating credential theft and insider threats, the effect of malware and APT attacks. The proposed solution transforms blockchain into a Policy Engine (PE) and Policy Enforcement Point (PEP), and policy storage, ensuring immutable access control and micro-segmentation. A decentralized application (DApp) prototype was developed and tested using STRIDE threat modeling, demonstrating resilience against spoofing, tampering, and privilege escalation. Comparative analysis with Perimeter-based systems revealed a trade-off: while the framework introduced a marginal latency increase (74.0 ms vs. 49.33 ms) and reduced throughput (30.77 vs. 50.0 requests/sec), it significantly enhanced security by eliminating single points of failure and enabling tamper-proof audit trails. Experimental validation on a 200-node simulated network confirmed the framework's robustness, with future optimizations targeting Layer-2 solutions for scalability. This work bridges the gap between Zero Trust theory and practical blockchain implementation, offering Fintech organizations a decentralized, cost-effective security model.",Avinash Singh; Vikas Pareek; Asish Sharma,https://arxiv.org/abs/2507.19976,
arxiv,Decentralised Trust and Security Mechanisms for IoT Networks at the Edge: A Comprehensive Review,2026,arXiv,10.4108/eetiot.10996,2604.17179,"INTRODUCTION: The proliferation of the amalgamation of IoT and edge computing has increased the demand for decentralised trust and security mechanisms capable of operating across heterogeneous and resource-limited devices. Approaches such as federated learning, Zero Trust architectures, lightweight blockchain and distributed neural models offer alternatives to centralised control. OBJECTIVES: This review examines various state-of-the-art decentralised mechanisms and evaluates their effectiveness in terms of securing IoT networks at the edge. METHODS: Thirty recent studies were analysed to compare how decentralised architectures establish trust, support secure communication and enable intrusion and anomaly detection. Frameworks, such as DFGL-LZTA, SecFedDNN and COSIER were assessed. RESULTS: Decentralised designs enhance privacy, reduce single points of failure and improve adaptive threat response, though challenges remain in scalability, efficiency and interoperability. CONCLUSION: The study identifies key considerations and future research needs for building secure and resilient trust-aware IoT edge ecosystems.",Khandoker Ashik Uz Zaman; Mahdi H. Miraz; Mohammed N. M. Ali,https://arxiv.org/abs/2604.17179,
arxiv,Responsible Blockchain: STEADI Principles and the Actor-Network Theory-based Development Methodology (ANT-RDM),2024,arXiv,10.1561/2900000038,2409.06179,"This paper provides a comprehensive analysis of the challenges and controversies associated with blockchain technology. It identifies technical challenges such as scalability, security, privacy, and interoperability, as well as business and adoption challenges, and the social, economic, ethical, and environmental controversies present in current blockchain systems. We argue that responsible blockchain development is key to overcoming these challenges and achieving mass adoption. This paper defines Responsible Blockchain and introduces the STEADI principles (sustainable, transparent, ethical, adaptive, decentralized, and inclusive) for responsible blockchain development. Additionally, it presents the Actor-Network Theory-based Responsible Development Methodology (ANT-RDM) for blockchains, which includes the steps of problematization, interessement, enrollment, and mobilization.",Yibai Li; Ahmed Gomaa; Xiaobing Li,https://arxiv.org/abs/2409.06179,
arxiv,Gravity: a blockchain-agnostic cross-chain communication and data oracles protocol,2020,arXiv,,2007.00966,"This paper intends to propose the architecture of a blockchain-agnostic protocol designed for communication of blockchains amongst each other (i.e. cross-chain), and for blockchains with the outside world (i.e. data oracles). The expansive growth of cutting-edge technology in the blockchain industry outlines the need and opportunity for addressing oracle consensus in a manner both technologically and economically efficient as well as futureproof. Blockchain-agnosticism is inherently limited if proposing a technological solution involves adding one more architectural layer. As such, Gravity protocol is designed to be a truly blockchain-agnostic protocol. By ensuring parity through direct integration and by leveraging the stability and security of the respective interconnected ecosystems, Gravity circumvents the need for a dedicated, public blockchain and a native token. Ultimately, Gravity protocol intends to address scalability challenges by providing a solid infrastructure for the creation of gateways, cross-chain applications, and sidechains. This paper introduces and defines the concept of Oracle Consensus and its implementation in the Gravity protocol named the Pulse Consensus algorithm. The proposed consensus architecture allows Gravity to be considered a singular decentralized blockchain-agnostic oracle.",Aleksei Pupyshev; Dmitry Gubanov; Elshan Dzhafarov; Ilya Sapranidi; Inal Kardanov; Vladimir Zhuravlev; Shamil Khalilov; Marc Jansen,https://arxiv.org/abs/2007.00966,
arxiv,BlockA2A: Towards Secure and Verifiable Agent-to-Agent Interoperability,2025,arXiv,,2508.01332,"The rapid adoption of agentic AI, powered by large language models (LLMs), is transforming enterprise ecosystems with autonomous agents that execute complex workflows. Yet we observe several key security vulnerabilities in LLM-driven multi-agent systems (MASes): fragmented identity frameworks, insecure communication channels, and inadequate defenses against Byzantine agents or adversarial prompts. In this paper, we present the first systematic analysis of these emerging multi-agent risks and explain why the legacy security strategies cannot effectively address these risks. Afterwards, we propose BlockA2A, the first unified multi-agent trust framework that enables secure and verifiable and agent-to-agent interoperability. At a high level, BlockA2A adopts decentralized identifiers (DIDs) to enable fine-grained cross-domain agent authentication, blockchain-anchored ledgers to enable immutable auditability, and smart contracts to dynamically enforce context-aware access control policies. BlockA2A eliminates centralized trust bottlenecks, ensures message authenticity and execution integrity, and guarantees accountability across agent interactions. Furthermore, we propose a Defense Orchestration Engine (DOE) that actively neutralizes attacks through real-time mechanisms, including Byzantine agent flagging, reactive execution halting, and instant permission revocation. Empirical evaluations demonstrate BlockA2A's effectiveness in neutralizing prompt-based, communication-based, behavioral and systemic MAS attacks. We formalize its integration into existing MAS and showcase a practical implementation for Google's A2A protocol. Experiments confirm that BlockA2A and DOE operate with sub-second overhead, enabling scalable deployment in production LLM-based MAS environments.",Zhenhua Zou; Zhuotao Liu; Lepeng Zhao; Qiuyang Zhan,https://arxiv.org/abs/2508.01332,
arxiv,Towards the Blockchain Massive Adoption with Permissionless Storage,2024,arXiv,,2407.17761,"Blockchain technology emerged with the advent of Bitcoin and rapidly developed over the past few decades, becoming widely accepted and known by the public. However, in the past decades, the massive adoption of blockchain technology has yet to come. Rather than the scalability issue, the blockchain application is challenged by its expensive usage cost. However, the high cost of blockchain usage is deeply connected with the blockchain consensus and security mechanism. The permissionless blockchain must maintain its high cost for security against the 51% Attack. Chain users indirectly cover the cost as coins are appointed for blockchain usage fees. This conflict prevents the massive adoption of blockchain. Thus, blockchain must be improved to solve those problems: 1. The cost of blockchain usage should be low enough. 2. The blockchain should remain decentralized. 3. The scalability of blockchain must meet the demand. In my thesis, new approaches are applied to solve the issues above. The key contribution is the discovery of the useful PoW. It extends the Nakamoto PoW with another usage of file data encoding during the same Nakamoto Consensus computation to prove honest data preservation. Based on this theory, a permissionless storage network is proposed as the new security engine for the blockchain. It bridges the high blockchain security cost to the storage users with real demands who are willing to pay for the storage resource. On the other hand, the chain users can benefit from the low transaction fee. Meanwhile, we also provide a scalability solution to shard the blockchain. It enables high TPS and keeps decentralization. The solutions in this thesis provide the answers to all the dependencies of the massive adoption.",Jia Kan,https://arxiv.org/abs/2407.17761,
arxiv,"Accumulate: An identity-based blockchain protocol with cross-chain support, human-readable addresses, and key management capabilities",2022,arXiv,10.48550/arxiv.2204.06878,2204.06878,"The Accumulate Protocol (""Accumulate"") is an identity-based, Delegated Proof of Stake (DPoS) blockchain designed to power the digital economy through interoperability with Layer-1 blockchains, integration with enterprise tech stacks, and interfacing with the World Wide Web. Accumulate bypasses the trilemma of security, scalability, and decentralization by implementing a chain-of-chains architecture in which digital identities with the ability to manage keys, tokens, data, and other identities are treated as their own independent blockchains. This architecture allows these identities, known as Accumulate Digital Identifiers (ADIs), to be processed and validated in parallel over the Accumulate network. Each ADI also possesses a hierarchical set of keys with different priority levels that allow users to manage their security over time and create complex signature authorization schemes that expand the utility of multi-signature transactions. A two token system provides predictable costs for enterprise users, while anchoring all transactions to Layer-1 blockchains provides enterprise-grade security to everyone.",Kyle Michelson; Anjali Sridharan; Umut Can Cabuk; Ethan Reesor; Ben Stolman; Drew Mailen; Dennis Bunfield; Jay Smith,https://arxiv.org/abs/2204.06878,
arxiv,Enabling Blockchain Scalability and Interoperability with Mobile Computing through LayerOne.X,2021,arXiv,,2110.01398,"Interoperability and scalability are currently the bottlenecks preventing mass adoption of blockchain technology. Development of an interoperable and scalable network that promotes a truly decentralised, permissionless and secure blockchain as well as one that enables micro validation is the main goal of this project. Layer-One.X, a truly decentralised ledger which utilises para-sharding, Directed Acyclic Graphs, Proof of Participation consensus mechanism, mobile computing, flash contracts and nucleus scripting is introduced in this paper. The conceptual framework including tokenomics is also explained along with a number of use cases. The framework facilitates the growing need of transaction per second enabling micro based payments and value transfer through tokenisation.",Kevin Coutinho; Ponnie Clark; Ferdinand Azis; Norman Lip; Josh Hunt,https://arxiv.org/abs/2110.01398,
arxiv,DecTest: A Decentralised Testing Architecture for Improving Data Accuracy of Blockchain Oracle,2024,arXiv,,2404.13535,"Blockchain technology ensures secure and trustworthy data flow between multiple participants on the chain, but interoperability of on-chain and off-chain data has always been a difficult problem that needs to be solved. To solve the problem that blockchain systems cannot access off-chain data, oracle is introduced. However, existing research mainly focuses on the consistency and integrity of data, but ignores the problem that oracle nodes may be externally attacked or provide false data for selfish motives, resulting in the unresolved problem of data accuracy. In this paper, we introduce a new Decentralized Testing architecture (DecTest) that aims to improve data accuracy. A blockchain oracle random secret testing mechanism is first proposed to enhance the monitoring and verification of nodes by introducing a dynamic anonymized question-verification committee. Based on this, a comprehensive evaluation incentive mechanism is designed to incentivize honest work performance by evaluating nodes based on their reputation scores. The simulation results show that we successfully reduced the discrete entropy value of the acquired data and the real value of the data by 61.4%.",Xueying Zeng; Youquan Xian; Chunpei Li; Zhengdong Hu; Aoxiang Zhou; Peng Liu,https://arxiv.org/abs/2404.13535,
arxiv,Blockchain for 5G and Beyond Networks: A State of the Art Survey,2019,arXiv,10.1016/j.jnca.2020.102693,1912.05062,"The fifth generation (5G) wireless networks are on the way to be deployed around the world. The 5G technologies target to support diverse vertical applications by connecting heterogeneous devices and machines with drastic improvements in terms of high quality of service, increased network capacity and enhanced system throughput. Despite all these advantages that 5G will bring about, there are still major challenges to be addressed, including decentralization, transparency, risks of data interoperability, network privacy and security vulnerabilities. Blockchain can offer innovative solutions to effectively solve the challenges in 5G networks. Driven by the dramatically increased capacities of the 5G networks and the recent breakthroughs in the blockchain technology, blockchain-based 5G services are expected to witness a rapid development and bring substantial benefits to future society. In this paper, we provide a state-of-art survey on the integration of blockchain with 5G networks and beyond. Our key focus is on the discussions on the potential of blockchain for enabling key 5G technologies, including cloud/edge computing, Software Defined Networks, Network Function Virtualization, Network Slicing, and D2D communications. We then explore the opportunities of blockchain to important 5G services, ranging from spectrum management, network virtualization, resource management to interference management, federated learning, privacy and security provision. The recent advances in the applications of blockchain in 5G Internet of Things are also surveyed in various domains, i.e. smart healthcare, smart city, smart transportation, smart grid and UAVs. The main findings derived from the survey are then summarized, and possible research challenges with open issues are also identified. Lastly, we complete this survey by shedding new light on future directions of research on this newly emerging area.",Dinh C Nguyen; Pubudu N Pathirana; Ming Ding; Aruna Seneviratne,https://arxiv.org/abs/1912.05062,
arxiv,Exploration of Hyperledger Besu in Designing Private Blockchain-based Financial Distribution Systems,2023,arXiv,,2311.08483,"Blockchain, a decentralized technology that provides unrivaled security, transparency, and process validation, is redefining the operational landscape across numerous industries. This article focuses on the development of an innovative consortium blockchain based financial distribution application. This paper illuminates the transformative role of blockchain technology in a variety of sectors by drawing on a plethora of academic literature and current industry practices. It demonstrates the diverse applications of blockchain, ranging from remittances to lending and investments in finance to data administration in healthcare and supply chain tracking. The paper reveals the design and potential of a consortium blockchain based application for financial distribution. Utilizing the capabilities of Hyperledger Besu, the application is tailored to improve security, scalability, and interoperability, thereby contributing to a more integrated financial ecosystem. The investigation sheds light on the combination of consortium blockchain controlled access and Hyprledger Besu comprehensive functionality, proposing a secure, transparent, and efficient financial transaction environment. The investigation serves as a resource for academics, industry professionals, and policymakers alike, highlighting the vast potential of blockchain technology, enabled by platforms such as Hyperledger Besu, in accelerating the evolution of traditional systems toward a more decentralized, secure, and efficient future.",Md. Raisul Hasan Shahrukh; Md. Tabassinur Rahman; Nafees Mansoor,https://arxiv.org/abs/2311.08483,
arxiv,Overview of Polkadot and its Design Considerations,2020,arXiv,,2005.13456,"In this paper we describe the design components of the heterogenous multi-chain protocol Polkadot and explain how these components help Polkadot address some of the existing shortcomings of blockchain technologies. At present, a vast number of blockchain projects have been introduced and employed with various features that are not necessarily designed to work with each other. This makes it difficult for users to utilise a large number of applications on different blockchain projects. Moreover, with the increase in number of projects the security that each one is providing individually becomes weaker. Polkadot aims to provide a scalable and interoperable framework for multiple chains with pooled security that is achieved by the collection of components described in this paper.",Jeff Burdges; Alfonso Cevallos; Peter Czaban; Rob Habermeier; Syed Hosseini; Fabio Lama; Handan Kilinc Alper; Ximin Luo,https://arxiv.org/abs/2005.13456,
arxiv,MITOSIS: Practically Scaling Permissioned Blockchains,2021,arXiv,,2109.10302,"Scalability remains one of the biggest challenges to the adoption of permissioned blockchain technologies for large-scale deployments. Permissioned blockchains typically exhibit low latencies, compared to permissionless deployments -- however at the cost of poor scalability. Various solutions were proposed to capture ""the best of both worlds"", targeting low latency and high scalability simultaneously, the most prominent technique being blockchain sharding. However, most existing sharding proposals exploit features of the permissionless model and are therefore restricted to cryptocurrency applications. We present MITOSIS, a novel approach to practically improve scalability of permissioned blockchains. Our system allows the dynamic creation of blockchains, as more participants join the system, to meet practical scalability requirements. Crucially, it enables the division of an existing blockchain (and its participants) into two -- reminiscent of mitosis, the biological process of cell division. MITOSIS inherits the low latency of permissioned blockchains while preserving high throughput via parallel processing. Newly created chains in our system are fully autonomous, can choose their own consensus protocol, and yet they can interact with each other to share information and assets -- meeting high levels of interoperability. We analyse the security of MITOSIS and evaluate experimentally the performance of our solution when instantiated over Hyperledger Fabric. Our results show that MITOSIS can be ported with little modifications and manageable overhead to existing permissioned blockchains, such as Hyperledger Fabric.",Giorgia Azzurra Marson; Sebastien Andreina; Lorenzo Alluminio; Konstantin Munichev; Ghassan Karame,https://arxiv.org/abs/2109.10302,
arxiv,PoDT: A Secure Multi-chains Consensus Scheme Against Diverse Miners Behaviors Attacks in Blockchain Networks,2021,arXiv,,2106.02383,"As cross-chain technologies make the interactions among different blockchains (hereinafter ""chains"") possible, multi-chains consensus is becoming more and more important in blockchain networks. However, more attention has been paid to the single-chain consensus schemes. The multi-chains consensus with trusted miners participation has been not considered, thus offering opportunities for malicious users to launch Diverse Miners Behaviors (DMB) attacks on different chains. DMB attackers can be friendly in the consensus process of some chains called mask-chains to enhance trust value, while on other chains called kill-chains they engage in destructive behaviors of network. In this paper, we propose a multi-chains consensus scheme named as Proof-of-DiscTrust (PoDT) to defend against DMB attacks. Distinctive trust idea (DiscTrust) is introduced to evaluate the trust value of each user concerning different chains. A dynamic behaviors prediction scheme is designed to strengthen DiscTrust to prevent intensive DMB attackers who maintain high trust by alternately creating true or false blocks on kill-chains. On this basis, a trusted miners selection algorithm for multi-chains can be achieved at a round of block creation. Experimental results show that PoDT is secure against DMB attacks and more effective than traditional consensus schemes in multi-chains environments.",Wenbo Zhang; Tao Wang; Jingyu Feng,https://arxiv.org/abs/2106.02383,
arxiv,Platypus: a Partially Synchronous Offchain Protocol for Blockchains,2019,arXiv,,1907.03730,"Offchain protocols aim at bypassing the scalability and privacy limitations of classic blockchains by allowing a subset of participants to execute multiple transactions outside the blockchain. While existing solutions like payment networks and factories depend on a complex routing protocol, other solutions simply require participants to build a \emph{childchain}, a secondary blockchain where their transactions are privately executed. Unfortunately, all childchain solutions assume either synchrony or a trusted execution environment. In this paper, we present Platypus a childchain that requires neither synchrony nor a trusted execution environment. Relieving the need for a trusted execution environment allows Platypus to ensure privacy without trusting a central authority, like Intel, that manufactures dedicated hardware chipset, like SGX. Relieving the need for synchrony means that no attacker can steal coins by leveraging clock drifts or message delays to lure timelocks. In order to prove our algorithm correct, we formalize the chilchain problem as a Byzantine variant of the classic Atomic Commit problem, where closing a childchain is equivalent to committing the whole set of payments previously recorded on the childchain ``atomically'' on the main chain. Platypus is resilience optimal and we explain how to generalize it to crosschain payments.",Alejandro Ranchal-Pedrosa; Vincent Gramoli,https://arxiv.org/abs/1907.03730,
arxiv,SoK: Security and Privacy of AI Agents for Blockchain,2025,arXiv,,2509.07131,"Blockchain and smart contracts have garnered significant interest in recent years as the foundation of a decentralized, trustless digital ecosystem, thereby eliminating the need for traditional centralized authorities. Despite their central role in powering Web3, their complexity still presents significant barriers for non-expert users. To bridge this gap, Artificial Intelligence (AI)-based agents have emerged as valuable tools for interacting with blockchain environments, supporting a range of tasks, from analyzing on-chain data and optimizing transaction strategies to detecting vulnerabilities within smart contracts. While interest in applying AI to blockchain is growing, the literature still lacks a comprehensive survey that focuses specifically on the intersection with AI agents. Most of the related work only provides general considerations, without focusing on any specific domain. This paper addresses this gap by presenting the first Systematization of Knowledge dedicated to AI-driven systems for blockchain, with a special focus on their security and privacy dimensions, shedding light on their applications, limitations, and future research directions.",Nicolò Romandini; Carlo Mazzocca; Kai Otsuki; Rebecca Montanari,https://arxiv.org/abs/2509.07131,
arxiv,"Blockchain Infrastructure for Intelligent Cyber--Physical--Social Systems:Post-Quantum Security, Interoperability, and Trustworthy Data Economies in the Era of Embodied AI",2026,arXiv,,2606.06895,"The deployment of embodied artificial intelligence via world-model-based robotics presents a transformative opportunity for blockchain infrastructure, establishing urgent demand for trustworthy data provenance, cross-organizational governance, and incentive-compatible sharing across decentralized ecosystems. Simultaneously, quantum computing advances recognized by the 2025 Nobel Prize in Physics and the Turing Award threaten the cryptographic primitives securing these data economies, creating an interdependent imperative: long-lived verification for embodied AI depends on crypto-agile architectures capable of withstanding quantum adversaries. This tutorial examines blockchain as the coordination layer bridging this dual transition, from financial substrate to foundational Cyber-Physical-Social Systems infrastructure that simultaneously secures against quantum cryptanalysis and enables scalable, trustworthy data economies. The session opens with an immersive AWS Braket demonstration engaging participants with superconducting, trapped-ion, and neutral-atom hardware to assess cryptographic threat timelines and witness ECDSA-to-post-quantum signature transitions. Five integrated modules progress from embodied AI and world-model requirements through quantum hardware reality and evidence-based security migration, to scalable cross-shard architectures via BrokerChain protocols, trustworthy data economies implementing Croissant metadata standards and robotic learning provenance, and industry ecosystem integration for multi-modal cloud deployment. By bridging quantum hardware realities with embodied AI data requirements, this tutorial charts blockchain as unified infrastructure for next-generation decentralized intelligent environments, providing open-source frameworks and roadmaps for architecting quantum-resistant, interoperable, and data-trustworthy systems.",Song Guo; Huawei Huang; Dongping Liu; Aoyu Zhang; Luyao Zhang,https://arxiv.org/abs/2606.06895,
arxiv,SoK: Oracles from the Ground Truth to Market Manipulation,2021,arXiv,10.1145/3479722.3480994,2106.00667,"One fundamental limitation of blockchain-based smart contracts is that they execute in a closed environment. Thus, they only have access to data and functionality that is already on the blockchain, or is fed into the blockchain. Any interactions with the real world need to be mediated by a bridge service, which is called an oracle. As decentralized applications mature, oracles are playing an increasingly prominent role. With their evolution comes more attacks, necessitating greater attention to their trust model. In this systemization of knowledge paper (SoK), we dissect the design alternatives for oracles, showcase attacks, and discuss attack mitigation strategies.",Shayan Eskandari; Mehdi Salehi; Wanyun Catherine Gu; Jeremy Clark,https://arxiv.org/abs/2106.00667,
arxiv,BIONIB: Blockchain-based IoT using Novelty Index in Bridge Health Monitoring,2024,arXiv,,2402.14902,"Bridge health monitoring becomes crucial with the deployment of IoT sensors. The challenge lies in securely storing vast amounts of data and extracting useful information to promptly identify unhealthy bridge conditions. To address this challenge, we propose BIONIB, wherein real-time IoT data is stored on the blockchain for monitoring bridges. One of the emerging blockchains, EOSIO is used because of its exceptional scaling capabilities for monitoring the health of bridges. The approach involves collecting data from IoT sensors and using an unsupervised machine learning-based technique called the Novelty Index (NI) to observe meaningful patterns in the data. Smart contracts of EOSIO are used in implementation because of their efficiency, security, and programmability, making them well-suited for handling complex transactions and automating processes within decentralized applications. BIONIB provides secure storage benefits of blockchain, as well as useful predictions based on the NI. Performance analysis uses real-time data collected from IoT sensors at the bridge in healthy and unhealthy states. The data is collected with extensive experimentation with different loads, climatic conditions, and the health of the bridge. The performance of BIONIB under varying numbers of sensors and various numbers of participating blockchain nodes is observed. We observe a tradeoff between throughput, latency, and computational resources. Storage efficiency can be increased by manifolds with a slight increase in latency caused by NI calculation. As latency is not a significant concern in bridge health applications, the results demonstrate that BIONIB has high throughput, parallel processing, and high security while efficiently scaled.",Divija Swetha Gadiraju; Ryan McMaster; Saeed Eftekhar Azam; Deepak Khazanchi,https://arxiv.org/abs/2402.14902,
arxiv,Enabling Enterprise Blockchain Interoperability with Trusted Data Transfer (industry track),2019,arXiv,,1911.01064,"The adoption of permissioned blockchain networks in enterprise settings has seen an increase in growth over the past few years. While encouraging, this is leading to the emergence of new data, asset and process silos limiting the potential value these networks bring to the broader ecosystem. Mechanisms for enabling network interoperability help preserve the benefits of independent sovereign networks, while allowing for the transfer or sharing of data, assets and processes across network boundaries. However, a naive approach to interoperability based on traditional point-to-point integration is insufficient for preserving the underlying trust decentralized networks provide. In this paper, we lay the foundation for an approach to interoperability based on a communication protocol that derives trust from the underlying network consensus protocol. We present an architecture and a set of building blocks that can be adapted for use in a range of network implementations and demonstrate a proof-of-concept for trusted data-sharing between two independent trade finance and supply-chain networks, each running on Hyperledger Fabric. We show how existing blockchain deployments can be adapted for interoperation and discuss the security and extensibility of our architecture and mechanisms.",Ermyas Abebe; Dushyant Behl; Chander Govindarajan; Yining Hu; Dileban Karunamoorthy; Petr Novotny; Vinayaka Pandit; Venkatraman Ramakrishna,https://arxiv.org/abs/1911.01064,
arxiv,A Distributed Scalable Cross-chain State Channel Scheme Based on Recursive State Synchronization,2024,arXiv,,2404.09408,"As cross-chain technology continues to advance, the scale of cross-chain transactions is experiencing significant expansion. To improve scalability, researchers have turned to the study of cross-chain state channels. However, most of the existing schemes rely on trusted parties to support channel operations. To address this issue, we present Interpipe: a distributed cross-chain state channel scheme. Specifically, we propose a real-time cross-chain synchronization scheme to ensure consistent operations between two blockchains to a cross-chain state channel. Moreover, we propose a batch transaction proof scheme based on recursive SNARK to meet the cross-chain verification needs of large-scale users. Based on the above designs, Interpipe offers protocols for opening, updating, closing, and disputing operations to cross-chain state channels. Security analysis shows that Interpipe has consistency and resistance, and experimental results demonstrate that a cross-chain state channel can be nearly as efficient as an existing intra-chain state channel.",Xinyu Liang; Ruiying Du; Jing Chen; Yu Zhang; Meng Jia; Shuangxi Cao; Yufeng Wei; Shixiong Yao,https://arxiv.org/abs/2404.09408,
arxiv,Distributed Temporal Graph Learning with Provenance for APT Detection in Supply Chains,2025,arXiv,,2504.02313,"Cyber supply chain, encompassing digital asserts, software, hardware, has become an essential component of modern Information and Communications Technology (ICT) provisioning. However, the growing inter-dependencies have introduced numerous attack vectors, making supply chains a prime target for exploitation. In particular, advanced persistent threats (APTs) frequently leverage supply chain vulnerabilities (SCVs) as entry points, benefiting from their inherent stealth. Current defense strategies primarly focus on prevention through blockchain for integrity assurance or detection using plain-text source code analysis in open-source software (OSS). However, these approaches overlook scenarios where source code is unavailable and fail to address detection and defense during runtime. To bridge this gap, we propose a novel approach that integrates multi-source data, constructs a comprehensive dynamic provenance graph, and detects APT behavior in real time using temporal graph learning. Given the lack of tailored datasets in both industry and academia, we also aim to simulate a custom dataset by replaying real-world supply chain exploits with multi-source monitoring.",Zhuoran Tan; Christos Anagnostopoulos; Jeremy Singer,https://arxiv.org/abs/2504.02313,
arxiv,ScaleSFL: A Sharding Solution for Blockchain-Based Federated Learning,2022,arXiv,10.1145/3494106.3528680,2204.01202,"Blockchain-based federated learning has gained significant interest over the last few years with the increasing concern for data privacy, advances in machine learning, and blockchain innovation. However, gaps in security and scalability hinder the development of real-world applications. In this study, we propose ScaleSFL, which is a scalable blockchain-based sharding solution for federated learning. ScaleSFL supports interoperability by separating the off-chain federated learning component in order to verify model updates instead of controlling the entire federated learning flow. We implemented ScaleSFL as a proof-of-concept prototype system using Hyperledger Fabric to demonstrate the feasibility of the solution. We present a performance evaluation of results collected through Hyperledger Caliper benchmarking tools conducted on model creation. Our evaluation results show that sharding can improve validation performance linearly while remaining efficient and secure.",Evan Madill; Ben Nguyen; Carson K. Leung; Sara Rouhani,https://arxiv.org/abs/2204.01202,
arxiv,HighGuard: Cross-Chain Business Logic Monitoring of Smart Contracts,2023,arXiv,10.1145/3691620.3695356,2305.08254,"Logical flaws in smart contracts are often exploited, leading to significant financial losses. Our tool, HighGuard, detects transactions that violate business logic specifications of smart contracts. HighGuard employs dynamic condition response (DCR) graph models as formal specifications to verify contract execution against these models. It is capable of operating in a cross-chain environment for detecting business logic flaws across different blockchain platforms. We demonstrate HighGuard's effectiveness in identifying deviations from specified behaviors in smart contracts without requiring code instrumentation or incurring additional gas costs. By using precise specifications in the monitor, HighGuard achieves detection without false positives. Our evaluation, involving 54 exploits, confirms HighGuard's effectiveness in detecting business logic vulnerabilities. Our open-source implementation of HighGuard and a screencast of its usage are available at: https://github.com/mojtaba-eshghie/HighGuard https://www.youtube.com/watch?v=sZYVV-slDaY",Mojtaba Eshghie; Wolfgang Ahrendt; Cyrille Artho; Thomas Troels Hildebrandt; Gerardo Schneider,https://arxiv.org/abs/2305.08254,
arxiv,Block MedCare: Advancing healthcare through blockchain integration with AI and IoT,2024,arXiv,10.5121/ijnsa.2024.16604,2412.02851,"This research explores the integration of blockchain technology in healthcare, focusing on enhancing the security and efficiency of Electronic Health Record (EHR) management. We propose a novel Ethereum-based system that empowers patients with secure control over their medical data. Our approach addresses key challenges in healthcare blockchain implementation, including scalability, privacy, and regulatory compliance. The system incorporates digital signatures, Role-Based Access Control, and a multi-layered architecture to ensure secure, controlled access. We developed a decentralized application (dApp) with user-friendly interfaces for patients, doctors, and administrators, demonstrating the practical application of our solution. A survey among healthcare professionals and IT experts revealed strong interest in blockchain adoption, while also highlighting concerns about integration costs. The study explores future enhancements, including integration with IoT devices and AI-driven analytics, contributing to the evolution of secure, efficient, and interoperable healthcare systems that leverage cutting-edge technologies for improved patient care.",Oliver Simonoski; Dijana Capeska Bogatinoska,https://arxiv.org/abs/2412.02851,
arxiv,SoK: Not Quite Water Under the Bridge: Review of Cross-Chain Bridge Hacks,2022,arXiv,,2210.16209,"The blockchain ecosystem has evolved into a multi-chain world with various blockchains vying for use. Although each blockchain may have its own native cryptocurrency or digital assets, there are use cases to transfer these assets between blockchains. Systems that bring these digital assets across blockchains are called bridges, and have become important parts of the ecosystem. The designs of bridges vary and range from quite primitive to extremely complex. However, they typically consist of smart contracts holding and releasing digital assets, as well as nodes that help facilitate user interactions between chains. In this paper, we first provide a high level breakdown of components in a bridge and the different processes for some bridge designs. In doing this, we identify risks associated with bridge components. Then we analyse past exploits in the blockchain ecosystem that specifically targeted bridges.",Sung-Shine Lee; Alexandr Murashkin; Martin Derka; Jan Gorzny,https://arxiv.org/abs/2210.16209,
arxiv,MECURY: Practical Cross-Chain Exchange via Trusted Hardware,2024,arXiv,,2409.14640,"The proliferation of blockchain-backed cryptocurrencies has sparked the need for cross-chain exchanges of diverse digital assets. Unfortunately, current exchanges suffer from high on-chain verification costs, weak threat models of central trusted parties, or synchronous requirements, making them impractical for currency trading applications. In this paper, we present MERCURY, a practical cryptocurrency exchange that is trust-minimized and efficient without online-client requirements. MERCURY leverages Trusted Execution Environments (TEEs) to shield participants from malicious behaviors, eliminating the reliance on trusted participants and making on-chain verification efficient. Despite the simple idea, building a practical TEE-assisted cross-chain exchange is challenging due to the security and unavailability issues of TEEs. MERCURY tackles the unavailability problem of TEEs by implementing an efficient challenge-response mechanism executed on smart contracts. Furthermore, MERCURY utilizes a lightweight transaction verification mechanism and adopts multiple optimizations to reduce on-chain costs. Comparative evaluations with XClaim, ZK-bridge, and Tesseract demonstrate that MERCURY significantly reduces on-chain costs by approximately 67.87%, 45.01%, and 47.70%, respectively.",Xiaoqing Wen; Quanbi Feng; Jianyu Niu; Yinqian Zhang; Chen Feng,https://arxiv.org/abs/2409.14640,
arxiv,A Scalable Multi-Layered Blockchain Architecture for Enhanced EHR Sharing and Drug Supply Chain Management,2024,arXiv,,2402.17342,"In recent years, the healthcare sector's transition to digital platforms has intensified concerns over data security, privacy, and scalability. Blockchain technology offers a decentralized, secure, and immutable solution to these challenges. This paper presents a scalable, multi-layered blockchain architecture for secure Electronic Health Record (EHR) sharing and drug supply chain management. The proposed framework introduces five distinct layers that enhance system performance, security, and patient-centric access control. By implementing parallelism, the system significantly increases transaction throughput and reduces network traffic. Our solution ensures data integrity, privacy, and interoperability, making it compatible with existing healthcare systems. Experimental results, conducted using the Caliper benchmark, demonstrate notable improvements in transaction throughput and reduced communication overhead. Additionally, the framework provides transparency and real-time drug supply chain monitoring, empowering decision-makers with critical insights.",Reza Javan; Mehrzad Mohammadi; Mohammad Beheshti-Atashgah; Mohammad Reza Aref,https://arxiv.org/abs/2402.17342,
arxiv,From Network Intrusion Detection to Blockchain-Backed Endpoint Detection and Response: Mapping the Landscape of Decentralized Detection-and-Response Architectures,2026,arXiv,,2610.01872,"While the literature on blockchain-assisted intrusion detection and prevention systems (IDS/IPS) for Internet of Things (IoT) and Industrial Internet of Things (IIoT) networks is mature, existing systematic reviews suffer from two critical limitations: they overlook the structural shift toward modern Endpoint Detection and Response (EDR) and Extended Detection and Response (XDR) architectures, and they conflate blockchain's distinct functional roles into a single monolithic category. This Systematization of Knowledge (SoK) addresses these gaps by proposing a three-axis taxonomy that classifies proposals by detection-system class (NIDS, HIDS, EDR/XDR), blockchain functional role, and response-automation maturity. Synthesizing research published in high-impact venues between 2019 and 2026, we provide a rigorous gap analysis exposing why a genuine per-endpoint blockchain-anchored response loop remains nearly nonexistent due to latency, deployment, and community mismatches. Furthermore, we evaluate structural, cross-cutting challenges persisting across the literature, including consensus latency on constrained devices, post-quantum cryptographic vulnerability, smart-contract attack surfaces, and the adversarial vulnerability of evolving LLM-based detection engines. Finally, we outline a comprehensive research agenda centered on hybrid on-chain/off-chain orchestration to bridge the gap between decentralized trust and rapid response automation.",Yahya Shahsavari; Sara Rouhani; Kaiwen Zhang,https://arxiv.org/abs/2610.01872,
arxiv,Blockchain and AI: Securing Intelligent Networks for the Future,2026,arXiv,,2604.06323,"Blockchain and artificial intelligence (AI) are increasingly proposed together for securing intelligent networks, but the literature remains fragmented across ledger design, AI-driven detection, cyber-physical applications, and emerging agentic workflows. This paper synthesizes the area through three reusable contributions: (i) a taxonomy of blockchain-AI security for intelligent networks, (ii) integration patterns for verifiable and adaptive security workflows, and (iii) the Blockchain-AI Security Evaluation Blueprint (BASE), a reporting checklist spanning AI quality, ledger behavior, end-to-end service levels, privacy, energy, and reproducibility. The paper also maps the evidence landscape across IoT, critical infrastructure, smart grids, transportation, and healthcare, showing that the conceptual fit is strong but real-world evidence remains uneven and often prototype-heavy. The synthesis clarifies where blockchain contributes provenance, trust, and auditability, where AI contributes detection, adaptation, and orchestration, and where future work should focus on interoperable interfaces, privacy-preserving analytics, bounded agentic automation, and open cross-domain benchmarks. The paper is intended as a reference for researchers and practitioners designing secure, transparent, and resilient intelligent networks.",Joy Dutta; Hossien B. Eldeeb; Tu Dac Ho,https://arxiv.org/abs/2604.06323,
arxiv,Is Blockchain for Internet of Medical Things a Panacea for COVID-19 Pandemic?,2022,arXiv,10.1016/j.pmcj.2021.101434,2204.07725,"The outbreak of the COVID-19 pandemic has deeply influenced the lifestyle of the general public and the healthcare system of the society. As a promising approach to address the emerging challenges caused by the epidemic of infectious diseases like COVID-19, Internet of Medical Things (IoMT) deployed in hospitals, clinics, and healthcare centers can save the diagnosis time and improve the efficiency of medical resources though privacy and security concerns of IoMT stall the wide adoption. In order to tackle the privacy, security, and interoperability issues of IoMT, we propose a framework of blockchain-enabled IoMT by introducing blockchain to incumbent IoMT systems. In this paper, we review the benefits of this architecture and illustrate the opportunities brought by blockchain-enabled IoMT. We also provide use cases of blockchain-enabled IoMT on fighting against the COVID-19 pandemic, including the prevention of infectious diseases, location sharing and contact tracing, and the supply chain of injectable medicines. We also outline future work in this area.",Xuran Li; Bishenghui Tao; Hong-Ning Dai; Muhammad Imran; Dehuan Wan; Dengwang Li,https://arxiv.org/abs/2204.07725,
arxiv,"Smart Contracts, Smarter Payments: Innovating Cross Border Payments and Reporting Transactions",2024,arXiv,,2407.19283,"The global financial landscape is experiencing significant transformation driven by technological advancements and evolving market dynamics. Moreover, blockchain technology has become a pivotal platform with widespread applications, especially in finance. Cross-border payments have emerged as a key area of interest, with blockchain offering inherent benefits such as enhanced security, transparency, and efficiency compared to traditional banking systems. This paper presents a novel framework leveraging blockchain technology and smart contracts to emulate cross-border payments, ensuring interoperability and compliance with international standards such as ISO20022. Key contributions of this paper include a novel prototype framework for implementing smart contracts and web clients for streamlined transactions and a mechanism to translate ISO20022 standard messages. Our framework can provide a practical solution for secure, efficient, and transparent cross-border transactions, contributing to the ongoing evolution of global finance and the emerging landscape of decentralized finance.",Maruf Ahmed Mridul; Kaiyang Chang; Aparna Gupta; Oshani Seneviratne,https://arxiv.org/abs/2407.19283,
arxiv,Enabling Data Confidentiality with Public Blockchains,2023,arXiv,,2308.03791,"Blockchain technology is apt to facilitate the automation of multi-party cooperations among various players in a decentralized setting, especially in cases where trust among participants is limited. Transactions are stored in a ledger, a replica of which is retained by every node of the blockchain network. The operations saved thereby are thus publicly accessible. While this aspect enhances transparency, reliability, and persistence, it hinders the utilization of public blockchains for process automation as it violates typical confidentiality requirements in corporate settings. To overcome this issue, we propose our approach named Multi-Authority Approach to Transaction Systems for Interoperating Applications (MARTSIA). Based on Multi-Authority Attribute-Based Encryption (MA-ABE), MARTSIA enables read-access control over shared data at the level of message parts. User-defined policies determine whether an actor can interpret the publicly stored information or not, depending on the actor's attributes declared by a consortium of certifiers. Still, all nodes in the blockchain network can attest to the publication of the (encrypted) data. We provide a formal analysis of the security guarantees of MARTSIA, and illustrate the proof-of-concept implementation over multiple blockchain platforms. To demonstrate its interoperability, we showcase its usage in ensemble with a state-of-the-art blockchain-based engine for multi-party process execution, and three real-world decentralized applications in the context of NFT markets, supply chain, and retail.",Edoardo Marangone; Claudio Di Ciccio; Daniele Friolo; Eugenio Nerio Nemmi; Daniele Venturi; Ingo Weber,https://arxiv.org/abs/2308.03791,
arxiv,TrustBoost: Boosting Trust among Interoperable Blockchains,2022,arXiv,,2210.11571,"Currently there exist many blockchains with weak trust guarantees, limiting applications and participation. Existing solutions to boost the trust using a stronger blockchain, e.g., via checkpointing, requires the weaker blockchain to give up sovereignty. In this paper, we propose a family of protocols in which multiple blockchains interact to create a combined ledger with boosted trust. We show that even if several of the interacting blockchains cease to provide security guarantees, the combined ledger continues to be secure - our TrustBoost protocols achieve the optimal threshold of tolerating the insecure blockchains. This optimality, along with the necessity of blockchain interactions, is formally shown within the classic shared memory model, tackling the long standing open challenge of solving consensus in the presence of both Byzantine objects and processes. Furthermore, our proposed construction of TrustBoost simply operates via smart contracts and require no change to the underlying consensus protocols of the participating blockchains, a form of ``consensus on top of consensus''. The protocols are lightweight and can be used on specific (e.g., high value) transactions; we demonstrate the practicality by implementing and deploying TrustBoost as cross-chain smart contracts in the Cosmos ecosystem using approximately 3,000 lines of Rust code, made available as open source. Our evaluation shows that using 10 Cosmos chains in a local testnet, TrustBoost has a gas cost of roughly $2 with a latency of 2 minutes per request, which is in line with the cost on a high security chain such as Bitcoin or Ethereum",Peiyao Sheng; Xuechao Wang; Sreeram Kannan; Kartik Nayak; Pramod Viswanath,https://arxiv.org/abs/2210.11571,
arxiv,Blockchain for Academic Integrity: Developing the Blockchain Academic Credential Interoperability Protocol (BACIP),2024,arXiv,,2406.15482,"This research introduces the Blockchain Academic Credential Interoperability Protocol (BACIP), designed to significantly enhance the security, privacy, and interoperability of verifying academic credentials globally, addressing the widespread issue of academic fraud. BACIP integrates dual blockchain architecture, smart contracts, and zero-knowledge proofs to offer a scalable and transparent framework aimed at reducing fraud and improving the mobility and opportunities for students and professionals worldwide. The research methodology adopts a mixed-methods approach, involving a rigorous review of pertinent literature and systematic integration of advanced technological components. This includes both qualitative and quantitative analyses that underpin the development of a universally compatible system. Preliminary evaluations suggest that BACIP could enhance verification efficiency and bolster security against tampering and unauthorized access. While the theoretical framework and practical implementations have laid a solid foundation, the protocol's real-world efficacy awaits empirical validation in a production environment. Future research will focus on deploying a prototype, establishing robust validation policies, and defining precise testing parameters. This critical phase is indispensable for a thorough assessment of BACIP's operational robustness and its compliance with international educational standards. This work contributes significantly to the academic field by proposing a robust model for managing and safeguarding academic credentials, thus laying a strong foundation for further innovation in credential verification using blockchain technology.",Juan A. Berrios Moya,https://arxiv.org/abs/2406.15482,
arxiv,Eclipse Attack Detection on a Blockchain Network as a Non-Parametric Change Detection Problem,2024,arXiv,,2404.00538,"This paper introduces a novel non-parametric change detection algorithm to identify eclipse attacks on a blockchain network; the non-parametric algorithm relies only on the empirical mean and variance of the dataset, making it highly adaptable. An eclipse attack occurs when malicious actors isolate blockchain users, disrupting their ability to reach consensus with the broader network, thereby distorting their local copy of the ledger. To detect an eclipse attack, we monitor changes in the Fréchet mean and variance of the evolving blockchain communication network connecting blockchain users. First, we leverage the Johnson-Lindenstrauss lemma to project large-dimensional networks into a lower-dimensional space, preserving essential statistical properties. Subsequently, we employ a non-parametric change detection procedure, leading to a test statistic that converges weakly to a Brownian bridge process in the absence of an eclipse attack. This enables us to quantify the false alarm rate of the detector. Our detector can be implemented as a smart contract on the blockchain, offering a tamper-proof and reliable solution. Finally, we use numerical examples to compare the proposed eclipse attack detector with a detector based on the random forest model.",Anurag Gupta; Vikram Krishnamurthy; Brian M. Sadler,https://arxiv.org/abs/2404.00538,
arxiv,Why Is My Transaction Risky? Understanding Smart Contract Semantics and Interactions in the NFT Ecosystem,2025,arXiv,,2512.17500,"The NFT ecosystem represents an interconnected, decentralized environment that encompasses the creation, distribution, and trading of Non-Fungible Tokens (NFTs), where key actors, such as marketplaces, sellers, and buyers, utilize smart contracts to facilitate secure, transparent, and trustless transactions. Scam tokens are deliberately created to mislead users and facilitate financial exploitation, posing significant risks in the NFT ecosystem. Prior work has explored the NFT ecosystem from various perspectives, including security challenges, actor behaviors, and risks from scams and wash trading, leaving a gap in understanding the semantics and interactions of smart contracts during transactions, and how the risks associated with scam tokens manifest in relation to the semantics and interactions of contracts. To bridge this gap, we conducted a large-scale empirical study on smart contract semantics and interactions in the NFT ecosystem, using a curated dataset of nearly 100 million transactions across 20 million blocks on Ethereum. We observe a limited semantic diversity among smart contracts in the NFT ecosystem, dominated by proxy, token, and DeFi contracts. Marketplace and proxy registry contracts are the most frequently involved in smart contract interactions during transactions, engaging with a broad spectrum of contracts in the ecosystem. Token contracts exhibit bytecode-level diversity, whereas scam tokens exhibit bytecode convergence. Certain interaction patterns between smart contracts are common to both risky and non-risky transactions, while others are predominantly associated with risky transactions. Based on our findings, we provide recommendations to mitigate risks in the blockchain ecosystem, and outline future research directions.",Yujing Chen; Xuanming Liu; Zhiyuan Wan; Zuobin Wang; David Lo; Difan Xie; Xiaohu Yang,https://arxiv.org/abs/2512.17500,
arxiv,Decentralized Cross-Network Identity Management for Blockchain Interoperation,2021,arXiv,10.1109/icbc51069.2021.9461064,2104.03277,"Interoperation for data sharing between permissioned blockchain networks relies on networks' abilities to independently authenticate requests and validate proofs accompanying the data; these typically contain digital signatures. This requires counterparty networks to know the identities and certification chains of each other's members, establishing a common trust basis rooted in identity. But permissioned networks are ad hoc consortia of existing organizations, whose network affiliations may not be well-known or well-established even though their individual identities are. In this paper, we describe an architecture and set of protocols for distributed identity management across permissioned blockchain networks to establish a trust basis for data sharing. Networks wishing to interoperate can associate with one or more distributed identity registries that maintain credentials on shared ledgers managed by groups of reputed identity providers. A network's participants possess self-sovereign decentralized identities (DIDs) on these registries and can obtain privacy-preserving verifiable membership credentials. During interoperation, networks can securely and dynamically discover each others' latest membership lists and members' credentials. We implement a solution based on Hyperledger Indy and Aries, and demonstrate its viability and usefulness by linking a trade finance network with a trade logistics network, both built on Hyperledger Fabric. We also analyze the extensibility, security, and trustworthiness of our system.",Bishakh Chandra Ghosh; Venkatraman Ramakrishna; Chander Govindarajan; Dushyant Behl; Dileban Karunamoorthy; Ermyas Abebe; Sandip Chakraborty,https://arxiv.org/abs/2104.03277,
arxiv,"Scalable, Secure and Broad-Spectrum Enforcement of Contracts, Without Blockchains",2019,arXiv,,1904.09940,"This paper introduces a scalable and secure contract-enforcement mechanism, called Cop, which can be applied to a broad range of multi-agent systems including small and large systems, time-critical systems, and systems-of-systems. Cop enforces contracts (or protocols) via the existing Law- Governed Interaction (LGI) mechanism, coupled with a new protective layer that significantly enhances the dependability and security of such enforcement. Cop is arguably superior to the currently popular blockchain-based smart-contract mechanisms, due to its scalability, interoperability, and the breadth of the spectrum of its domain of applications.",Naftaly Minsky; Chen Cong,https://arxiv.org/abs/1904.09940,
arxiv,Challenges of Blockchain Applications in Digital Health: A Systematic Review,2023,arXiv,,2304.04101,"Digital health, an emerging field integrating digital technologies into healthcare, is rapidly evolving and holds the potential to transform medical practices. Blockchain technology has garnered significant attention as a potential solution to various issues within digital health, including data security, automation, interoperability, and patient data ownership. However, despite the numerous advantages, blockchain faces several challenges and unknowns that must be addressed. This systematic literature review aims to explore the challenges of blockchain applications in digital health and provide best practices to overcome current and future roadblocks. Key issues identified include regulatory compliance, energy consumption, network effects, data standards, and the accessibility of the technology to stakeholders. To ensure the successful integration of blockchain within digital health, it is crucial to collaborate with healthcare stakeholders, pursue continued research and innovation, and engage in open discussions about the technology's limitations and potential.",Andrew M. Nguyen,https://arxiv.org/abs/2304.04101,
arxiv,Blockchain in Healthcare: Implementing Hyperledger Fabric for Electronic Health Records at Frere Provincial Hospital,2024,arXiv,,2407.15876,"As healthcare systems worldwide continue to grapple with the challenges of interoperability, data security, and accessibility, integrating emerging technologies becomes imperative. This paper investigates the implementation of blockchain technology, specifically Hyperledger Fabric, for Electronic Health Records (EHR) management at Frere Hospital in the Eastern Cape province of South Africa. The paper examines the benefits and challenges of integrating blockchain into healthcare information systems. Hyperledger Fabric's modular architecture is harnessed to create a secure, transparent, and decentralized platform for storing, managing, and sharing EHRs among stakeholders. The study used a mixed-methods approach, integrating case studies and data collection methods through observation and informal questions, with the specific goal of understanding current record management methods and challenges. This method offers practical insights and validates the approach. The result demonstrates the role of blockchain in transforming healthcare, framed within a rigorous exploration and analysis. The findings of this study have broader implications for healthcare institutions seeking advanced solutions to address the persistent challenges in electronic health record management. Ultimately, the research underscores the transformative potential of blockchain technology in healthcare settings, fostering trust, security, and efficiency in the management of sensitive patient data.",Abayomi Agbeyangi; Olukayode Oki; Aphelele Mgidi,https://arxiv.org/abs/2407.15876,
arxiv,Mapping Microscopic and Systemic Risks in TradFi and DeFi: a literature review,2025,arXiv,,2508.12007,"This work explores the formation and propagation of systemic risks across traditional finance (TradFi) and decentralized finance (DeFi), offering a comparative framework that bridges these two increasingly interconnected ecosystems. We propose a conceptual model for systemic risk formation in TradFi, grounded in well-established mechanisms such as leverage cycles, liquidity crises, and interconnected institutional exposures. Extending this analysis to DeFi, we identify unique structural and technological characteristics - such as composability, smart contract vulnerabilities, and algorithm-driven mechanisms - that shape the emergence and transmission of risks within decentralized systems. Through a conceptual mapping, we highlight risks with similar foundations (e.g., trading vulnerabilities, liquidity shocks), while emphasizing how these risks manifest and propagate differently due to the contrasting architectures of TradFi and DeFi. Furthermore, we introduce the concept of crosstagion, a bidirectional process where instability in DeFi can spill over into TradFi, and vice versa. We illustrate how disruptions such as liquidity crises, regulatory actions, or political developments can cascade across these systems, leveraging their growing interdependence. By analyzing this mutual dynamics, we highlight the importance of understanding systemic risks not only within TradFi and DeFi individually, but also at their intersection. Our findings contribute to the evolving discourse on risk management in a hybrid financial ecosystem, offering insights for policymakers, regulators, and financial stakeholders navigating this complex landscape.",Sabrina Aufiero; Silvia Bartolucci; Fabio Caccioli; Pierpaolo Vivo,https://arxiv.org/abs/2508.12007,
arxiv,"Layer 2 Blockchains Simplified: A Survey of Vector Commitment Schemes, ZKP Frameworks, Layer-2 Data Structures and Verkle Trees",2026,arXiv,,2604.21055,"Layer-2 (L2) protocols address the fundamental limitations of Layer-1 (L1) blockchains by offloading computation while anchoring trust to the parent chain. This architectural shift, while boosting throughput, introduces a new, complex security surface defined by off-chain components like sequencers, bridges, and data availability mechanisms. Prior literature[31][33] offers fragmented views of this risk. This paper presents the first unified, security-focused survey that rigorously maps L2 architecture to its underlying cryptographic security. We dissect the technical progression from L1 primitives to the core of modern L2s, analyzing the security assumptions(Discrete Logarithm, Computational Diffie-Hellman, Bilinear Diffie-Hellman) of ZK frameworks (Groth16, Plonk) and their corresponding commitment schemes (KZG, IPA). We formalize a comprehensive L2 threat model encompassing sequencer liveness, bridge exploits, and data-availability failures. This work serves as an accessible yet rigorous reference for researchers and developers to reason about L2 security from a deep crypto-mathematical perspective.",Ekleen Kaur; Marko Suvajdzic,https://arxiv.org/abs/2604.21055,
arxiv,$\mathsf{CRATE}$: Cross-Rollup Atomic Transaction Execution,2025,arXiv,,2502.04659,"Blockchains have revolutionized decentralized applications, with composability enabling atomic, trustless interactions across smart contracts. However, layer 2 (L2) scalability solutions like rollups introduce fragmentation and hinder composability. Current cross-chain protocols, including atomic swaps, bridges, and shared sequencers, lack the necessary coordination mechanisms or rely on trust assumptions, and are thus not sufficient to support full cross-rollup composability. This paper presents $\mathsf{CRATE}$, a secure protocol for cross-rollup composability that ensures all-or-nothing and serializable execution of cross-rollup transactions (CRTs). $\mathsf{CRATE}$ supports rollups on distinct layer 1 (L1) chains, achieves finality in 4 rounds on L1, and only relies on the underlying L1s and the liveness of L2s. We introduce two formal models for CRTs, define atomicity within them, and formally prove the security of $\mathsf{CRATE}$. We also provide an implementation of $\mathsf{CRATE}$ along with a cross-rollup flash loan application; our experiments demonstrate that $\mathsf{CRATE}$ is practical in terms of gas usage on L1.",Ioannis Kaklamanis; Fan Zhang,https://arxiv.org/abs/2502.04659,
arxiv,Smart contracts for the Internet of Things: opportunities and challenges,2019,arXiv,,1901.10582,"With the Internet of Things (IoT), Things are expected to live in different ""domains"" and ""contexts"" during their lifetime. Information generated by and associated with Things should be manageable by multiple, diverse stakeholders accordingly. Moreover, the scope of the information related to Things can range from private and confidential to public and auditable. Identification, security, and interoperability in this vivid environment are expected to be challenging. In this paper we discuss how smart contracts and blockchain technologies create the potential for a viable solution. To this end, we present smart contract-based solutions that improve security and information management, we identify new opportunities and challenges, and we provide security recommendations and guidelines.",Nikos Fotiou; George C. Polyzos,https://arxiv.org/abs/1901.10582,
arxiv,A Trustworthy and Consistent Blockchain Oracle Scheme for Industrial Internet of Things,2023,arXiv,10.1109/tnsm.2024.3399837,2310.04975,"Blockchain provides decentralization and trustlessness features for the Industrial Internet of Things (IIoT), which expands the application scenarios of IIoT. To address the problem that the blockchain cannot actively obtain off-chain data, the blockchain oracle is proposed as a bridge between the blockchain and external data. However, the existing oracle schemes are difficult to solve the problem of low quality of service caused by frequent data changes and heterogeneous devices in IIoT, and the current oracle node selection schemes are difficult to balance security and quality of service. To tackle these problems, this paper proposes a secure and reliable oracle scheme that can obtain high-quality off-chain data. Specifically, we first design an oracle node selection algorithm based on Verifiable Random Function (VRF) and reputation mechanism to securely select high-quality nodes. Second, we propose a data filtering algorithm based on a sliding window to further improve the consistency of the collected data. We verify the security of the proposed scheme through security analysis. The experimental results show that the proposed scheme can effectively improve the service quality of the oracle.",Peng Liu; Youquan Xian; Chuanjian Yao; Peng Wang; Li-e Wang; Xianxian Li,https://arxiv.org/abs/2310.04975,
arxiv,A Privacy-Preserving DAO Model Using NFT Authentication for the Punishment not Reward Blockchain Architecture,2024,arXiv,,2405.13156,"This paper presents a decentralised autonomous organisation (DAO) model that uses non-fungible tokens (NFTs) for identity management and privacy-preserving interactions within a Punishment not Reward (PnR) blockchain mechanism. The proposed model introduces a dual NFT architecture deployed on Layer 2 networks: Membership NFTs (\(NFT_{auth}\)) for authentication and access control and interaction NFTs (\(NFT_{priv}\)) for private interactions among participants. Our Layer 2 implementation achieves 97\% gas cost reduction while maintaining security through cross-chain mechanisms. The identity management system incorporates decentralised KYC processes and Sybil attack resistance using soulbound token characteristics. Governance operates through smart contracts that manage reputation and administer punitive measures, including conditional identity disclosure for forensic purposes. Governance operates through smart contracts that manage reputation and administer punitive measures, including conditional identity disclosure when misconduct is detected.",Talgar Bayan; Richard Banach,https://arxiv.org/abs/2405.13156,
arxiv,Analysing semantic data storage in Distributed Ledger Technologies for Data Spaces,2025,arXiv,,2507.07116,"Data spaces are emerging as decentralised infrastructures that enable sovereign, secure, and trustworthy data exchange among multiple participants. To achieve semantic interoperability within these environments, the use of semantic web technologies and knowledge graphs has been proposed. Although distributed ledger technologies (DLT) fit as the underlying infrastructure for data spaces, there remains a significant gap in terms of the efficient storage of semantic data on these platforms. This paper presents a systematic evaluation of semantic data storage across different types of DLT (public, private, and hybrid), using a real-world knowledge graph as an experimental basis. The study compares performance, storage efficiency, resource consumption, and the capabilities to update and query semantic data. The results show that private DLTs are the most efficient for storing and managing semantic content, while hybrid DLTs offer a balanced trade-off between public auditability and operational efficiency. This research leads to a discussion on the selection of the most appropriate DLT infrastructure based on the data sovereignty requirements of decentralised data ecosystems.",Juan Cano-Benito; Andrea Cimmino; Sven Hertling; Heiko Paulheim; Raúl García-Castro,https://arxiv.org/abs/2507.07116,
arxiv,MOD-X: A Modular Open Decentralized eXchange Framework proposal for Heterogeneous Interoperable Artificial Intelligence Agents,2025,arXiv,,2507.04376,"As Artificial Intelligence systems evolve from monolithic models to ecosystems of specialized agents, the need for standardized communication protocols becomes increasingly critical. This paper introduces MOD-X (Modular Open Decentralized eXchange), a novel architectural framework proposal for agent interoperability that addresses key limitations of existing protocols. Unlike current approaches, MOD-X proposes a layered architecture with a Universal Message Bus, thorough state management, translation capabilities, and blockchain-based security mechanisms. We present MOD-X's architecture, compare it with existing protocols, and demonstrate its application through a worked example how it enables integration between heterogeneous specialist agents (agents with different architectures, vendors, capabilities, and knowledge representations--including rule-based systems, neural networks, symbolic reasoning engines, and legacy software with agent wrappers). MOD-X's key innovations include a publish-subscribe communication model, semantic capability discovery, and dynamic workflow orchestration--providing a framework that bridges theoretical formalism with practical implementation. This architecture addresses the growing need for truly decentralized, interoperable agent ecosystems that can scale effectively without the need for central coordination.",Georgios Ioannides; Christos Constantinou; Vinija Jain; Aman Chadha; Aaron Elkins,https://arxiv.org/abs/2507.04376,
arxiv,Fetch.ai: An Architecture for Modern Multi-Agent Systems,2025,arXiv,,2510.18699,"Recent surges in LLM-driven intelligent systems largely overlook decades of foundational multi-agent systems (MAS) research, resulting in frameworks with critical limitations such as centralization and inadequate trust and communication protocols. This paper introduces the Fetch.ai architecture, an industrial-strength platform designed to bridge this gap by facilitating the integration of classical MAS principles with modern AI capabilities. We present a novel, multi-layered solution built on a decentralized foundation of on-chain blockchain services for verifiable identity, discovery, and transactions. This is complemented by a comprehensive development framework for creating secure, interoperable agents, a cloud-based platform for deployment, and an intelligent orchestration layer where an agent-native LLM translates high-level human goals into complex, multi-agent workflows. We demonstrate the deployed nature of this system through a decentralized logistics use case where autonomous agents dynamically discover, negotiate, and transact with one another securely. Ultimately, the Fetch.ai stack provides a principled architecture for moving beyond current agent implementations towards open, collaborative, and economically sustainable multi-agent ecosystems.",Michael J. Wooldridge; Attila Bagoly; Jonathan J. Ward; Emanuele La Malfa; Gabriel Paludo Licks,https://arxiv.org/abs/2510.18699,
arxiv,"LApps: Technological, Legal and Market Potentials of Blockchain Lightning Network Applications",2019,arXiv,10.1145/3325917.3325942,1906.11946,"Following in the footsteps of pioneer Bitcoin, many altcoins as well as coloured coins have been being developed and merchandised adopting blockchain as the core enabling technology. However, since interoperability and scalability, due to high and capped (in particular cases) transaction latency are deep-rooted in the architecture of blockchain technology, they are by default inherited in any blockchain based applications. Lightning Network (LN) is one of the supporting technologies developed to eliminate this impediment of blockchain technology by facilitating instantaneous transfers of cryptos. Since the potentials of LN is still relatively unknown, this paper investigates the current states of development along with possible non-monetary usage of LN, especially in settlement coloured coins such as securities, as well as creation of new business models based on Lightning Applications (LApps) and microchannel payments as well as micro-trades. The legal challenges that may act as impediment to the adoption of LN is also discussed.",Mahdi H. Miraz; David C. Donald,https://arxiv.org/abs/1906.11946,
arxiv,Machine Learning Enhanced Blockchain Consensus with Transaction Prioritization for Smart Cities,2021,arXiv,,2107.10242,"In the given technology-driven era, smart cities are the next frontier of technology, aiming at improving the quality of people's lives. Many research works focus on future smart cities with a holistic approach towards smart city development. In this paper, we introduce such future smart cities that leverage blockchain technology in areas like data security, energy and waste management, governance, transport, supply chain, including emergency events, and environmental monitoring. Blockchain, being a decentralized immutable ledger, has the potential to promote the development of smart cities by guaranteeing transparency, data security, interoperability, and privacy. Particularly, using blockchain in emergency events will provide interoperability between many parties involved in the response, will increase timeliness of services, and establish transparency. In that case, if a current fee-based or first-come-first-serve-based processing is used, emergency events may get delayed in being processed due to competition, and thus, threatening people's lives. Thus, there is a need for transaction prioritization based on the priority of information and quick creation of blocks (variable interval block creation mechanism). Also, since the leaders ensure transaction prioritization while generating blocks, leader rotation and proper election procedure become important for the transaction prioritization process to take place honestly and efficiently. In our consensus protocol, we deploy a machine learning (ML) algorithm to achieve efficient leader election and design a novel dynamic block creation algorithm. Also, to ensure honest assessment from the followers on the blocks generated by the leaders, a peer-prediction-based verification mechanism is proposed. Both security analysis and simulation experiments are carried out to demonstrate the robustness and accuracy of our proposed scheme.",S. Valli Sanghami; John J. Lee; Qin Hu,https://arxiv.org/abs/2107.10242,
arxiv,Blockchain Address Poisoning,2025,arXiv,,2501.16681,"In many blockchains, e.g., Ethereum, Binance Smart Chain (BSC), the primary representation used for wallet addresses is a hardly memorable 40-digit hexadecimal string. As a result, users often select addresses from their recent transaction history, which enables blockchain address poisoning. The adversary first generates lookalike addresses similar to one with which the victim has previously interacted, and then engages with the victim to ``poison'' their transaction history. The goal is to have the victim mistakenly send tokens to the lookalike address, as opposed to the intended recipient. Compared to contemporary studies, this paper provides four notable contributions. First, we develop a detection system and perform measurements over two years on both Ethereum and BSC. We identify 13~times more attack attempts than reported previously -- totaling 270M on-chain attacks targeting 17M victims. 6,633 incidents have caused at least 83.8M USD in losses, which makes blockchain address poisoning one of the largest cryptocurrency phishing schemes observed in the wild. Second, we analyze a few large attack entities using improved clustering techniques, and model attacker profitability and competition. Third, we reveal attack strategies -- targeted populations, success conditions (address similarity, timing), and cross-chain attacks. Fourth, we mathematically define and simulate the lookalike address generation process across various software- and hardware-based implementations, and identify a large-scale attacker group that appears to use GPUs. We also discuss defensive countermeasures.",Taro Tsuchiya; Jin-Dong Dong; Kyle Soska; Nicolas Christin,https://arxiv.org/abs/2501.16681,
arxiv,Resolving the Multiple Withdrawal Attack on ERC20 Tokens,2019,arXiv,,1907.00903,"Custom tokens are an integral component of decentralized applications (dapps) deployed on Ethereum and other blockchain platforms. For Ethereum, the ERC20 standard is a widely used token interface and is interoperable with many existing dapps, user interface platforms, and popular web applications (e.g., exchange services). An ERC20 security issue, known as the ""multiple withdrawal attack"", was raised on GitHub and has been open since November 2016. The issue concerns ERC20's defined method approve() which was envisioned as a way for token holders to give permission for other users and dapps to withdraw a capped number of tokens. The security issue arises when a token holder wants to adjust the amount of approved tokens from N to M (this could be an increase or decrease). If malicious, a user or dapp who is approved for N tokens can front-run the adjustment transaction to first withdraw N tokens, then allow the approval to be confirmed, and withdraw an additional M tokens. In this paper, we evaluate 10 proposed mitigations for this issues and find that no solution is fully satisfactory. We then propose 2 new solutions that mitigate the attack, one of which fully fulfills constraints of the standard, and the second one shows a general limitation in addressing this issue from ERC20's approve method.",Reza Rahimian; Shayan Eskandari; Jeremy Clark,https://arxiv.org/abs/1907.00903,
arxiv,A Secure Standard for NFT Fractionalization,2024,arXiv,,2409.08190,"Non-fungible tokens (NFTs) offer a unique method for representing digital and physical assets on the blockchain. However, the NFT market has recently experienced a downturn in interest, mainly due to challenges related to high entry barriers and limited market liquidity. Fractionalization emerges as a promising solution, allowing multiple parties to hold a stake in a single NFT. By breaking down ownership into fractional shares, this approach lowers the entry barrier for investors, enhances market liquidity, and democratizes access to valuable digital assets. Despite these benefits, the current landscape of NFT fractionalization is fragmented, with no standardized framework to guide the secure and interoperable implementation of fractionalization mechanisms. This paper contributions are twofold: first, we provide a detailed analysis of the current NFT fractionalization landscape focusing on security challenges; second, we introduce a standardized approach that addresses these challenges, paving the way for more secure, interoperable, and accessible NFT fractionalization platforms.",Wejdene Haouari; Marios Fokaefs,https://arxiv.org/abs/2409.08190,
arxiv,Sunspot: A Decentralized Framework Enabling Privacy for Authorizable Data Sharing on Transparent Public Blockchains,2021,arXiv,10.1007/978-3-030-95384-3_43,2111.03865,"Blockchain technologies have been boosting the development of data-driven decentralized services in a wide range of fields. However, with the spirit of full transparency, many public blockchains expose all types of data to the public such as Ethereum. Besides, the on-chain persistence of large data is significantly expensive technically and economically. These issues lead to the difficulty of sharing fairly large private data while preserving attractive properties of public blockchains. Although direct encryption for on-chain data persistence can introduce confidentiality, new challenges such as key sharing, access control, and legal rights proving are still open. Meanwhile, cross-chain collaboration still requires secure and effective protocols, though decentralized storage systems such as IPFS bring the possibility for fairly large data persistence. In this paper, we propose Sunspot, a decentralized framework for privacy-preserving data sharing with access control on transparent public blockchains, to solve these issues. We also show the practicality and applicability of Sunspot by MyPub, a decentralized privacy-preserving publishing platform based on Sunspot. Furthermore, we evaluate the security, privacy, and performance of Sunspot through theoretical analysis and experiments.",Yepeng Ding; Hiroyuki Sato,https://arxiv.org/abs/2111.03865,
arxiv,Analysis of Blockchain Integration in the e-Healthcare Ecosystem,2024,arXiv,10.1109/commnet60167.2023.10365182,2401.03848,"No one can dispute the disruptive impact of blockchain technology, which has long been considered one of the major revolutions of contemporary times. Its integration into the healthcare ecosystem has helped overcome numerous difficulties and constraints faced by healthcare systems. This has been notably demonstrated in the meticulous management of electronic health records (EHR) and their access rights, as well as in its capabilities in terms of security, scalability, flexibility, and interoperability with other systems. This article undertakes the study and analysis of the most commonly adopted approaches in healthcare data management systems using blockchain technology. An evaluation is then conducted based on a set of observed common characteristics, distinguishing one approach from the others. The results of this analysis highlight the advantages and limitations of each approach, thus facilitating the choice of the method best suited to the readers' specific case study. Furthermore, for effective implementation in the context of e-health, we emphasize the existence of crucial challenges, such as the incomplete representation of major stakeholders in the blockchain network, the lack of regulatory flexibility to ensure legal interoperability by country, and the insufficient integration of an official regulatory authority ensuring compliance with ethical and legal standards. To address these challenges, it is necessary to establish close collaboration between regulators, technology developers, and healthcare stakeholders.",Abdellah Ouaguid; Mohamed Hanine; Zouhair Chiba; Noreddine Abghour; Hassan Ghazal,https://arxiv.org/abs/2401.03848,
arxiv,Towards Proxy Staking Accounts Based on NFTs in Ethereum,2024,arXiv,,2404.14074,"Blockchain is a technology that is often used to share data and assets. However, in the decentralized ecosystem, blockchain-based systems can be utilized to share information and assets without the traditional barriers associated with solo responsibility, e.g., multi-sig wallets. This paper describes an innovative approach to blockchain networks based on a non-fungible token that behaves as an account (NFTAA). The key novelty of this article is using NFTAA to leverage the unique properties of NFTs to manage your ownership better and effectively isolate them to improve the security, transparency, and even interoperability possibilities. Additionally, the account-based solution gives us the ability and flexibility to cover regular use cases such as staking and liquid equities, but also practical composability. This article offers a simple implementation, which allows developers and researchers to choose the best solution for their needs in demand of abstract representation in any use case.",Viktor Valaštín; Roman Bitarovský; Kristián Košťál; Ivan Kotuliak,https://arxiv.org/abs/2404.14074,
arxiv,MARTSIA: A Tool for Confidential Data Exchange via Public Blockchain,2024,arXiv,10.1007/978-3-031-94590-8_21,2407.10684,"Blockchain technology streamlines multi-party collaborations in decentralized settings, especially when trust is limited or difficult to establish. While public blockchains enhance transparency and reliability by replicating data across all network nodes, they also conflict with confidentiality. Here, we introduce Multi-Authority Approach to Transaction Systems for Interoperating Applications (MARTSIA) to address this challenge. MARTSIA provides fine-grained read-access control at the message-part level by combining user-defined policies with certifier-declared attributes. The approach guarantees that even though data is replicated across the network to maintain consistency, fault tolerance, and availability, its confidentiality is securely preserved through encryption. To this end, MARTSIA integrates blockchain technologies, Multi-Authority Attribute-Based Encryption, and distributed hash-table file storages. This architecture effectively balances the transparency inherent in public blockchains with the privacy required for sensitive applications. We present the tool and its applicability in a business scenario.",Michele Kryston; Edoardo Marangone; Claudio Di Ciccio; Daniele Friolo; Eugenio Nerio Nemmi; Mattia Samory; Michele Spina; Daniele Venturi,https://arxiv.org/abs/2407.10684,
arxiv,Optimising Blockchain Scalability for Real-Time IoT Applications,2026,arXiv,10.18517/ijaseit.16.1.21523,2603.27643,"The convergence of blockchain and the Internet of Things (IoT) enables secure, decentralised, and verifiable data exchange across distributed smart environments. However, traditional blockchain frameworks suffer from inherent scalability constraints, limited throughput, and high latency, which conflict with the stringent real-time requirements of IoT applications such as industrial automation, intelligent healthcare, and smart transportation. These systems demand ultra-low latency, high transaction throughput, lightweight computation, and efficient resource utilisation. This review provides a comprehensive, structured analysis of state-of-the-art scalability solutions specifically adapted to blockchain-enabled IoT. The discussion encompasses Layer 1 enhancements, Layer 2 off-chain processing, sharding-based parallelisation, integration of edge and fog computing, and hybrid consensus mechanisms. For each approach, the review highlights operational principles, performance benefits, trade-offs in decentralisation and security, and suitability for latency-sensitive deployments. Furthermore, real-time quality-of-service considerations are examined to understand how scalability strategies impact system responsiveness, energy efficiency, and data integrity. Key open challenges, including the scalability-security trade-off, privacy preservation, interoperability, and sustainable resource management, have been identified as persistent barriers to large-scale adoption. Finally, the review outlines future research directions, emphasising adaptive and AI-driven consensus algorithms, quantum-safe cryptographic models, the convergence of blockchain with 5G/6G networks, and edge intelligence. By consolidating diverse technical insights and emerging trends, this work serves as a timely reference for developing scalable, secure, and sustainable blockchain architectures for real-time IoT applications.",Hasan Mahmud Rhidoy; Mahdi H. Miraz; Iftekhar Salam,https://arxiv.org/abs/2603.27643,
arxiv,Multilingual Standalone Trustworthy Voice-Based Social Network for Disaster Situations,2024,arXiv,,2411.08889,"In disaster scenarios, effective communication is crucial, yet language barriers often hinder timely and accurate information dissemination, exacerbating vulnerabilities and complicating response efforts. This paper presents a novel, multilingual, voice-based social network specifically designed to address these challenges. The proposed system integrates advanced artificial intelligence (AI) with blockchain technology to enable secure, asynchronous voice communication across multiple languages. The application operates independently of external servers, ensuring reliability even in compromised environments by functioning offline through local networks. Key features include AI-driven real-time translation of voice messages, ensuring seamless cross-linguistic communication, and blockchain-enabled storage for secure, immutable records of all interactions, safeguarding message integrity. Designed for cross-platform use, the system offers consistent performance across devices, from mobile phones to desktops, making it highly adaptable in diverse disaster situations. Evaluation metrics demonstrate high accuracy in speech recognition and translation, low latency, and user satisfaction, validating the system's effectiveness in enhancing communication during crises. This solution represents a significant advancement in disaster communication, bridging language gaps to support more inclusive and efficient emergency response.",Majid Behravan; Elham Mohammadrezaei; Mohamed Azab; Denis Gracanin,https://arxiv.org/abs/2411.08889,
arxiv,Non-Fungible Blockchain Tokens for Traceable Online-Quality Assurance of Milled Workpieces,2026,arXiv,,2602.10169,"This work presents a concept and implementation for the secure storage and transfer of quality-relevant data of milled workpieces from online-quality assurance processes enabled by real-time simulation models. It utilises Non-Fungible Tokens (NFT) to securely and interoperably store quality data in the form of an Asset Administration Shell (AAS) on a public Ethereum blockchain. Minted by a custom smart contract, the NFTs reference the metadata saved in the Interplanetary File System (IPFS), allowing new data from additional processing steps to be added in a flexible yet secure manner. The concept enables automated traceability throughout the value chain, minimising the need for time-consuming and costly repetitive manual quality checks.",Nicolai Maisch; Shengjian Chen; Alexander Robertus; Samed Ajdinović; Armin Lechler; Alexander Verl; Oliver Riedel,https://arxiv.org/abs/2602.10169,
arxiv,The Dark Art of Financial Disguise in Web3: Money Laundering Schemes and Countermeasures,2025,arXiv,,2509.21831,"The rise of Web3 and Decentralized Finance (DeFi) has enabled borderless access to financial services empowered by smart contracts and blockchain technology. However, the ecosystem's trustless, permissionless, and borderless nature presents substantial regulatory challenges. The absence of centralized oversight and the technical complexity create fertile ground for financial crimes. Among these, money laundering is particularly concerning, as in the event of successful scams, code exploits, and market manipulations, it facilitates covert movement of illicit gains. Beyond this, there is a growing concern that cryptocurrencies can be leveraged to launder proceeds from drug trafficking, or to transfer funds linked to terrorism financing. This survey aims to outline a taxonomy of high-level strategies and underlying mechanisms exploited to facilitate money laundering in Web3. We examine how criminals leverage the pseudonymous nature of Web3, alongside weak regulatory frameworks, to obscure illicit financial activities. Our study seeks to bridge existing knowledge gaps on laundering schemes, identify open challenges in the detection and prevention of such activities, and propose future research directions to foster a more transparent Web3 financial ecosystem -- offering valuable insights for researchers, policymakers, and industry practitioners.",Hesam Sarkhosh; Uzma Maroof; Diogo Barradas,https://arxiv.org/abs/2509.21831,
arxiv,CBDC-AquaSphere: Interoperable Central Bank Digital Currency Built on Trusted Computing and Blockchain,2023,arXiv,,2305.16893,"The adoption of decentralized, tamper-proof ledger systems is paving the way for new applications and opportunities in different contexts. While most research aims to improve their scalability, privacy, and governance issues, interoperability has received less attention. Executing transactions across various blockchains is notably instrumental in unlocking the potential of novel applications, particularly in the financial sector, where their potential would otherwise be significantly diminished. Therefore, interoperable ledgers are crucial to ensure the expansion and further adoption of such a technology in various contexts. In this paper, we present a protocol that uses a combination of trusted execution environment (TEE) and blockchains to enable interoperability over independent semi-centralized CBDC ledgers, guaranteeing the atomicity of inter-bank transfers. Our interoperability protocol uses a custom adaptation of atomic swap protocol and is executed by any pair of CBDC instances to realize a one-way transfer. It ensures features such as atomicity, verifiability, correctness, censorship resistance, and privacy while offering high scalability in terms of the number of CBDC instances. Our approach enables to possible deployment scenarios that can be combined: (1) CBDC instances represent central banks of multiple countries, and (2) CBDC instances represent the set of retail banks and a paramount central bank of a single country. We provide a detailed description of our protocol as well as an extensive analysis of its benefits, features, and security. In this WIP paper, we made a proof-of-concept implementation and made a partial evaluation, while the more extensive evaluation will be made in our future work.",Ivan Homoliak; Martin Perešíni; Patrik Holop; Jakub Handzuš; Fran Casino,https://arxiv.org/abs/2305.16893,
arxiv,Blockchain Driven Privacy Preserving Contact Tracing Framework in Pandemics,2022,arXiv,,2202.09407,"Contact tracing has been proven an effective approach to control the virus spread in pandemics like COVID-19 pandemic. As an emerging powerful decentralized technique, blockchain has been explored to ensure data privacy and security in contact tracing processes. However, existing works are mostly high-level designs with no sufficient demonstration and treat blockchain as separate storage system assisting third-party central servers, ignoring the importance and capability of consensus mechanism and incentive mechanism. In this paper, we propose a light-weight and fully third-party free Blockchain-Driven Contact Tracing framework (BDCT) to bridge the gap. In the BDCT framework, RSA encryption based transaction verification method (RSA-TVM) is proposed to ensure contact tracing correctness, which can achieve more than 96\% contact cases recording accuracy even each person has 60\% probability of failing to verify the contact information. Reputation Corrected Delegated Proof of Stake (RC-DPoS) consensus mechanism is proposed together with the incentive mechanism, which can ensure timeliness of reporting contact cases and keep blockchain decentralized. A novel contact tracing simulation environment is created, which considers three different contact scenarios based on population density. The simulation results demonstrate the effectiveness, robustness and attack resistance of RSA-TVM and RC-DPoS in the proposed BDCT.",Xiao Li; Weili Wu; Tiantian Chen,https://arxiv.org/abs/2202.09407,
arxiv,NFT-Based Blockchain-Oriented Security Framework for Metaverse Applications,2023,arXiv,,2307.10342,"The Metaverse is rapidly evolving, bringing us closer to its imminent reality. However, the widespread adoption of this new automated technology poses significant research challenges in terms of authenticity, integrity, interoperability, and efficiency. These challenges originate from the core technologies underlying the Metaverse and are exacerbated by its complex nature. As a solution to these challenges, this paper presents a novel framework based on Non-Fungible Tokens (NFTs). The framework employs the Proof-of-Stake consensus algorithm, a blockchain-based technology, for data transaction, validation, and resource management. PoS efficiently consume energy and provide a streamlined validation approach instead of resource-intensive mining. This ability makes PoS an ideal candidate for Metaverse applications. By combining NFTs for user authentication and PoS for data integrity, enhanced transaction throughput, and improved scalability, the proposed blockchain mechanism demonstrates noteworthy advantages. Through security analysis, experimental and simulation results, it is established that the NFT-based approach coupled with the PoS algorithm is secure and efficient for Metaverse applications.",Khadija Manzoor; Umara Noor; Zahid Rashid,https://arxiv.org/abs/2307.10342,
arxiv,SoK: Blockchain Solutions for Forensics,2020,arXiv,,2005.12640,"As the digitization of information-intensive processes gains momentum in nowadays, the concern is growing about how to deal with the ever-growing problem of cybercrime. To this end, law enforcement officials and security firms use sophisticated digital forensics techniques for analyzing and investigating cybercrimes. However, multi-jurisdictional mandates, interoperability issues, the massive amount of evidence gathered (multimedia, text etc.) and multiple stakeholders involved (law enforcement agencies, security firms etc.) are just a few among the various challenges that hinder the adoption and implementation of sound digital forensics schemes. Blockchain technology has been recently proposed as a viable solution for developing robust digital forensics mechanisms. In this paper, we provide an overview and classification of the available blockchain-based digital forensic tools, and we further describe their main features. We also offer a thorough analysis of the various benefits and challenges of the symbiotic relationship between blockchain technology and the current digital forensics approaches, as proposed in the available literature. Based on the findings, we identify various research gaps, and we suggest future research directions that are expected to be of significant value both for academics and practitioners in the field of digital forensics.",Thomas K. Dasaklis; Fran Casino; Constantinos Patsakis,https://arxiv.org/abs/2005.12640,
arxiv,From Patterns to Policy: A Scoping Review Based on Bibliometric Analysis (ScoRBA) of Intelligent and Secure Smart Hospital Ecosystems,2026,arXiv,,2603.30004,"This study examines the evolution of Intelligent and Secure Smart Hospital Ecosystems using a Scoping Review with Bibliometric Analysis (ScoRBA) to map research patterns, identify gaps, and derive policy implications. Analyzing 891 journal articles from Scopus (2006-2025) through co-occurrence analysis, network visualization, overlay analysis, and the Enhanced Strategic Diagram (ESD), the study applies the PAGER framework to link Patterns, Advances, Gaps, Research directions, and Evidence-based policy implications. Findings reveal three interrelated clusters: AI-driven intelligent healthcare systems, decentralized privacy-preserving digital health ecosystems, and scalable cloud-edge infrastructures, showing a convergence toward integrated ecosystem architectures where intelligence, trust, and infrastructure reinforce each other. Despite progress in AI, blockchain, and cloud computing, gaps remain in interoperability, real-world implementation, governance, and cross-layer integration. Emerging themes such as explainable AI, federated learning, and privacy mechanisms highlight areas needing further research. Policy-relevant recommendations focus on coordinated governance, scalable infrastructure, and secure data ecosystems, particularly for developing country contexts. The study bridges bibliometric evidence with actionable policies, supporting informed decision-making in smart hospital development.",Adi Wijaya; Budi Hermawan; Wiga Maulana Baihaqi; Catur Supriyanto,https://arxiv.org/abs/2603.30004,
arxiv,A Trust-Aware and Cost-Optimized Blockchain Oracle Selection Model with Deep Reinforcement Learning,2025,arXiv,,2502.16133,"The rapid development of blockchain technology has driven the widespread application of decentralized applications (DApps) across various fields. However, DApps cannot directly access external data and rely on oracles to interact with off-chain data. As a bridge between blockchain and external data sources, oracles pose potential risks of malicious behavior, which may inject incorrect or harmful data, leading to trust and security issues. Additionally, with the surge in data requests, the disparity in oracle trustworthiness and costs has increased, making the dynamic selection of the most suitable oracle for each request a critical challenge. To address these issues, this paper proposes a Trust-Aware and Cost-Optimized Blockchain Oracle Selection Model with Deep Reinforcement Learning (TCO-DRL). The model incorporates a comprehensive trust management mechanism to evaluate oracle reputation from multiple dimensions and employs an improved sliding time window to monitor reputation changes in real time, enhancing resistance to malicious attacks. Moreover, TCO-DRL uses deep reinforcement learning algorithms to dynamically adapt to fluctuations in oracle reputation, ensuring the selection of high-reputation oracles while optimizing node selection, thereby reducing costs without compromising data quality. We implemented and validated TCO- DRL on Ethereum. Experimental results show that, compared to existing methods, TCO-DRL reduces the allocation rate to malicious oracles by more than 39.10% and saves over 12.00% in costs. Furthermore, simulated experiments on various malicious attacks further validate the robustness and effectiveness of TCO-DRL",Hengyang Zhang; Shike Li; Hang Bao; Sixing Wu; Jianbin Li,https://arxiv.org/abs/2502.16133,
arxiv,ChainGuard: A Blockchain-based Authentication and Access Control Scheme for Distributed Networks,2024,arXiv,,2412.00677,"As blockchain technology gains traction for enhancing data security and operational efficiency, traditional centralized authentication systems remain a significant bottleneck. This paper addresses the challenge of integrating decentralized authentication and access control within distributed networks. We propose a novel solution named ChainGuard, a fully decentralized authentication and access control mechanism based on smart contracts. ChainGuard eliminates the need for a central server by leveraging blockchain technology to manage user roles and permissions dynamically. Our scheme supports user interactions across multiple organizations simultaneously, enhancing security, efficiency, and transparency. By addressing key challenges such as scalability, security, and transparency, ChainGuard not only bridges the gap between traditional centralized systems and blockchain's decentralized ethos but also enhances data protection and operational efficiency.",Faisal Haque Bappy; Joon S. Park; Kamrul Hasan; Tariqul Islam,https://arxiv.org/abs/2412.00677,
arxiv,Machine Learning on Blockchain Data: A Systematic Mapping Study,2024,arXiv,,2403.17081,"Context: Blockchain technology has drawn growing attention in the literature and in practice. Blockchain technology generates considerable amounts of data and has thus been a topic of interest for Machine Learning (ML). Objective: The objective of this paper is to provide a comprehensive review of the state of the art on machine learning applied to blockchain data. This work aims to systematically identify, analyze, and classify the literature on ML applied to blockchain data. This will allow us to discover the fields where more effort should be placed in future research. Method: A systematic mapping study has been conducted to identify the relevant literature. Ultimately, 159 articles were selected and classified according to various dimensions, specifically, the domain use case, the blockchain, the data, and the machine learning models. Results: The majority of the papers (49.7%) fall within the Anomaly use case. Bitcoin (47.2%) was the blockchain that drew the most attention. A dataset consisting of more than 1.000.000 data points was used by 31.4% of the papers. And Classification (46.5%) was the ML task most applied to blockchain data. Conclusion: The results confirm that ML applied to blockchain data is a relevant and a growing topic of interest both in the literature and in practice. Nevertheless, some open challenges and gaps remain, which can lead to future research directions. Specifically, we identify novel machine learning algorithms, the lack of a standardization framework, blockchain scalability issues and cross-chain interactions as areas worth exploring in the future.",Georgios Palaiokrassas; Sarah Bouraga; Leandros Tassiulas,https://arxiv.org/abs/2403.17081,
arxiv,Personal Health Data Integration and Intelligence through Semantic Web and Blockchain Technologies,2026,arXiv,,2603.02192,"Data integration among various stakeholders in the healthcare space remains a challenge, despite the impressive advances in Health AI in the past decade. There is a lot of ``messy'' non-standard but structured data that are continually being collected from personal health devices. While efforts such as the Fast Healthcare Interoperability of Resources (FHIR) are underway in standardizing the data representation formats, there is currently a gap in the standard in addressing the health data ecosystem's decentralized nature. As we see explosive growth in chronic diseases such as diabetes, healthcare providers need Observations of Daily Living (ODL) of their patients to treat them effectively. The best way to obtain ODL is through personal health devices. However, such devices are manufactured by various device makers, and they may not follow standards or integrate with existing Electronic Health Record (EHR) systems. It is also imperative that any data sharing that happens will occur in a secure and trustworthy environment, without being too restrictive, i.e., tied to a particular EHR vendor. This paper presents a scalable solution to bridge this gap using a system that implements semantic web and blockchain technologies. Our solution uses FHIR compliant semantic web based data templates in conjunction with smart contracts on the blockchain to provide healthcare providers with insights on their patients' daily activity that cannot be readily determined solely through patient encounters at the clinic.",Oshani Seneviratne; Manan Shukla; Jianjing Lin,https://arxiv.org/abs/2603.02192,
arxiv,V-CARE: A Blockchain Based Framework for Secure Vehicle Health Record System,2020,arXiv,,2007.13647,"One of the biggest challenges associated with connected and autonomous vehicles (CAVs) is to maintain and make use of vehicles health records (VHR). VHR can facilitate different entities to offer various services in a proactive, transparent, secure, reliable and in an efficient manner. The state-of-the-art solutions for maintaining the VHR are centralized in nature, mainly owned by manufacturer and authorized in-vehicle device developers. Owners, drivers, and other key service providers have limited accessibility and control to the VHR. We need to change the strategy from single or limited party access to multi-party access to VHR in an secured manner so that all stakeholders of intelligent transportation system (ITS) can be benefited from this. Any unauthorized attempt to alter the data should also be prevented. Blockchain is one such potential candidate, which can facilitate the sharing of such data among different participating organizations and individuals. For example, owners, manufacturers, trusted third parties, road authorities, insurance companies, charging stations, and car selling ventures can access VHR stored on the blockchain in a permissioned, secured, and with a higher level of confidence. In this paper, a blockchain-based decentralized secure system for V-CARE is proposed to manage records in an interoperable framework that leads to improved ITS services in terms of safety, availability, reliability, efficiency, and maintenance. Insurance based on pay-how-you-drive (PHYD), and sale and purchase of used vehicles can also be made more transparent and reliable without compromising the confidentiality and security of sensitive data.",Pranav Kumar Singh; Roshan Singh; Sukumar Nandi,https://arxiv.org/abs/2007.13647,
arxiv,IntentFuzz: A Protocol-Aware Fuzzer for Automated Invariant Violation Detection in Intent-Based Cross-Chain Bridges,2026,arXiv,,2609.13004,"Cross-chain bridges move value between blockchains. Intent-based bridges are a variant where a solver fulfills a user's declared outcome and an off-chain settlement layer later reconciles the fill against the deposit. Existing smart-contract fuzzers and static analyzers only flag known-bad code patterns or require protocol-specific hand-written assertions. This work formalizes a taxonomy separating invariant violations, safety properties a contract must enforce locally, from settlement exposures legitimately delegated to the off-chain settlement layer, and proposes IntentFuzz: a protocol-aware fuzzer that recovers a bridge's intent structure and deposit/fill function roles directly from unannotated Solidity source, then synthesizes multi-step fuzz sequences using an LLM-based fallback to help build call arguments. IntentFuzz recovers the correct intent structure in 9/9 benchmark protocols and classifies deposit and fill functions with 100% recall and 82% combined precision; across a corpus of 77 manually labeled contracts, it reaches 79.5% bridge-classification precision and 97.2% recall, and among confirmed bridges, struct selection reaches 88.6% precision and recall while deposit and fill classification each reach 100% recall. On 23 planted-bug mutants, IntentFuzz attains 100% recall and 100% precision, executing 273 templates (507 transactions in a median of 14ms per template). Across 24 real-world deployments, it confirms 17 genuine invariant violations under heuristic-only input generation, rising to 22 with its LLM-assisted tier enabled, spanning eight vulnerable GitHub repositories, each finding reproducible against public, deployed bytecode.",André Augusto; Christof Ferreira Torres; André Vasconcelos; Miguel Correia,https://arxiv.org/abs/2609.13004,
arxiv,Bridging Cloud Convenience and Protocol Transparency: A Hybrid Architecture for Ethereum Node Operations on Amazon Managed Blockchain,2025,arXiv,,2507.18774,"As blockchain technologies are increasingly adopted in enterprise and research domains, the need for secure, scalable, and performance-transparent node infrastructure has become critical. While self-hosted Ethereum nodes offer operational control, they often lack elasticity and require complex maintenance. This paper presents a hybrid, service-oriented architecture for deploying and monitoring Ethereum full nodes using Amazon Managed Blockchain (AMB), integrated with EC2-based observability, IAM-enforced security policies, and reproducible automation via the AWS Cloud Development Kit. Our architecture supports end-to-end observability through custom EC2 scripts leveraging Web3.py and JSON-RPC, collecting over 1,000 real-time data points-including gas utilization, transaction inclusion latency, and mempool dynamics. These metrics are visualized and monitored through AWS CloudWatch, enabling service-level performance tracking and anomaly detection. This cloud-native framework restores low-level observability lost in managed environments while maintaining the operational simplicity of managed services. By bridging the simplicity of AMB with the transparency required for protocol research and enterprise monitoring, this work delivers one of the first reproducible, performance-instrumented Ethereum deployments on AMB. The proposed hybrid architecture enables secure, observable, and reproducible Ethereum node operations in cloud environments, suitable for both research and production use.",S M Mostaq Hossain; Amani Altarawneh; Maanak Gupta,https://arxiv.org/abs/2507.18774,
arxiv,Blockchain for the Metaverse: A Review,2022,arXiv,,2203.09738,"Since Facebook officially changed its name to Metaverse in Oct. 2021, the metaverse has become a new norm of social networks and three-dimensional (3D) virtual worlds. The metaverse aims to bring 3D immersive and personalized experiences to users by leveraging many pertinent technologies. Despite great attention and benefits, a natural question in the metaverse is how to secure its users' digital content and data. In this regard, blockchain is a promising solution owing to its distinct features of decentralization, immutability, and transparency. To better understand the role of blockchain in the metaverse, we aim to provide an extensive survey on the applications of blockchain for the metaverse. We first present a preliminary to blockchain and the metaverse and highlight the motivations behind the use of blockchain for the metaverse. Next, we extensively discuss blockchain-based methods for the metaverse from technical perspectives, such as data acquisition, data storage, data sharing, data interoperability, and data privacy preservation. For each perspective, we first discuss the technical challenges of the metaverse and then highlight how blockchain can help. Moreover, we investigate the impact of blockchain on key-enabling technologies in the metaverse, including Internet-of-Things, digital twins, multi-sensory and immersive applications, artificial intelligence, and big data. We also present some major projects to showcase the role of blockchain in metaverse applications and services. Finally, we present some promising directions to drive further research innovations and developments towards the use of blockchain in the metaverse in the future.",Thippa Reddy Gadekallu; Thien Huynh-The; Weizheng Wang; Gokul Yenduri; Pasika Ranaweera; Quoc-Viet Pham; Daniel Benevides da Costa; Madhusanka Liyanage,https://arxiv.org/abs/2203.09738,
arxiv,A Taxonomic Approach to Understanding Emerging Blockchain Identity Management Systems,2019,arXiv,10.6028/nist.cswp.01142020,1908.00929,"Identity management systems (IDMSs) are widely used to provision user identities while managing authentication, authorization, and data sharing within organizations and on the web. Traditional identity systems typically suffer from single points of failure, lack of interoperability, and privacy issues, such as enabling mass data collection and user tracking. Blockchain technology has the potential to alleviate these concerns: it can support the ability for users to control the custody of their own identifiers and credentials, enabling novel data ownership and governance models with built-in control and consent mechanisms. Hence, blockchain-based IDMSs, which could benefit both users and businesses, are beginning to proliferate. This work categorizes these systems into a taxonomy based on differences in blockchain architectures, governance models, and other salient features. Context is provided for the taxonomy through the description of related terms, emerging standards, and use cases while highlighting relevant security and privacy considerations.",Loic Lesavre; Priam Varin; Peter Mell; Michael Davidson; James Shook,https://arxiv.org/abs/1908.00929,
arxiv,MARTSIA: Enabling Data Confidentiality for Blockchain-based Process Execution,2023,arXiv,10.1007/978-3-031-46587-1_4,2303.17977,"Multi-party business processes rely on the collaboration of various players in a decentralized setting. Blockchain technology can facilitate the automation of these processes, even in cases where trust among participants is limited. Transactions are stored in a ledger, a replica of which is retained by every node of the blockchain network. The operations saved thereby are thus publicly accessible. While this enhances transparency, reliability, and persistence, it hinders the utilization of public blockchains for process automation as it violates typical confidentiality requirements in corporate settings. In this paper, we propose MARTSIA: A Multi-Authority Approach to Transaction Systems for Interoperating Applications. MARTSIA enables precise control over process data at the level of message parts. Based on Multi-Authority Attribute-Based Encryption (MA-ABE), MARTSIA realizes a number of desirable properties, including confidentiality, transparency, and auditability. We implemented our approach in proof-of-concept prototypes, with which we conduct a case study in the area of supply chain management. Also, we show the integration of MARTSIA with a state-of-the-art blockchain-based process execution engine to secure the data flow.",Edoardo Marangone; Claudio Di Ciccio; Daniele Friolo; Eugenio Nerio Nemmi; Daniele Venturi; Ingo Weber,https://arxiv.org/abs/2303.17977,
arxiv,PhysGame: Uncovering Physical Commonsense Violations in Gameplay Videos,2024,arXiv,,2412.01800,"Recent advancements in video-based large language models (Video LLMs) have witnessed the emergence of diverse capabilities to reason and interpret dynamic visual content. Among them, gameplay videos stand out as a distinctive data source, often containing glitches that defy physics commonsense. This characteristic renders them an effective benchmark for assessing the under-explored capability of physical commonsense understanding in video LLMs. In this paper, we propose PhysGame as a pioneering benchmark to evaluate physical commonsense violations in gameplay videos. PhysGame comprises 880 videos associated with glitches spanning four fundamental domains (i.e., mechanics, kinematics, optics, and material properties) and across 12 distinct physical commonsense. Through extensively evaluating various state-ofthe-art video LLMs, our findings reveal that the performance of current open-source video LLMs significantly lags behind that of proprietary counterparts. To bridge this gap, we curate an instruction tuning dataset PhysInstruct with 140,057 question-answering pairs to facilitate physical commonsense learning. In addition, we also propose a preference optimization dataset PhysDPO with 34,358 training pairs, where the dis-preferred responses are generated conditioned on misleading titles (i.e., meta information hacking), fewer frames (i.e., temporal hacking) and lower spatial resolutions (i.e., spatial hacking). Based on the suite of datasets, we propose PhysVLM as a physical knowledge-enhanced video LLM. Extensive experiments on both physical-oriented benchmark PhysGame and general video understanding benchmarks demonstrate the state-ofthe-art performance of PhysVLM.",Meng Cao; Haoran Tang; Haoze Zhao; Hangyu Guo; Jiaheng Liu; Ge Zhang; Ruyang Liu; Qiang Sun,https://arxiv.org/abs/2412.01800,
arxiv,chainBoost: A Secure Performance Booster for Blockchain-based Resource Markets,2024,arXiv,,2402.16095,"Cryptocurrencies and blockchain technology provide an innovative model for reshaping digital services. Driven by the movement toward Web 3.0, recent systems started to provide distributed services, such as computation outsourcing or file storage, on top of the currency exchange medium. By allowing anyone to join and collect payments for serving others, these systems create decentralized markets for trading digital resources. Yet, there is still a big gap between the promise of these markets and their practical viability. Existing initiatives are still early-stage and have already encountered security and efficiency obstacles. At the same time, existing work around promising ideas, specifically sidechains, fall short in exploiting their full potential in addressing these problems. To bridge this gap, we propose chainBoost, a secure performance booster for decentralized resource markets. It expedites service related operations, reduces the blockchain size, and supports flexible service-payment exchange modalities at low overhead. At its core, chainBoost employs a sidechain, that has a (security and semantic) mutual-dependence with the mainchain, to which the system offloads heavy/frequent operations. To enable it, we develop a novel sidechain architecture composed of temporary and permanent blocks, a block suppression mechanism to prune the sidechain, a syncing protocol to permit arbitrary data exchange between the two chains, and an autorecovery protocol to support robustness and resilience. We analyze the security of chainBoost, and implement a proof-of-concept prototype for a distributed file storage market as a use case. For a market handling around 2000 transactions per round, our experiments show up to 11x improvement in throughput and 94% reduction in confirmation time. They also show that chainBoost can reduce the main blockchain size by around 90%.",Zahra Motaqy; Mohamed E. Najd; Ghada Almashaqbeh,https://arxiv.org/abs/2402.16095,
arxiv,"Blockchain-based Recommender Systems: Applications, Challenges and Future Opportunities",2021,arXiv,10.1016/j.cosrev.2021.100439,2111.11509,"Recommender systems have been widely used in different application domains including energy-preservation, e-commerce, healthcare, social media, etc. Such applications require the analysis and mining of massive amounts of various types of user data, including demographics, preferences, social interactions, etc. in order to develop accurate and precise recommender systems. Such datasets often include sensitive information, yet most recommender systems are focusing on the models' accuracy and ignore issues related to security and the users' privacy. Despite the efforts to overcome these problems using different risk reduction techniques, none of them has been completely successful in ensuring cryptographic security and protection of the users' private information. To bridge this gap, the blockchain technology is presented as a promising strategy to promote security and privacy preservation in recommender systems, not only because of its security and privacy salient features, but also due to its resilience, adaptability, fault tolerance and trust characteristics. This paper presents a holistic review of blockchain-based recommender systems covering challenges, open issues and solutions. Accordingly, a well-designed taxonomy is introduced to describe the security and privacy challenges, overview existing frameworks and discuss their applications and benefits when using blockchain before indicating opportunities for future research.",Yassine Himeur; Aya Sayed; Abdullah Alsalemi; Faycal Bensaali; Abbes Amira; Iraklis Varlamis; Magdalini Eirinaki; Christos Sardianos,https://arxiv.org/abs/2111.11509,
arxiv,A Secure and Interoperable Architecture for Electronic Health Record Access Control and Sharing,2026,arXiv,,2602.20830,"Electronic Health Records (EHRs) store sensitive patient information, necessitating stringent access control and sharing mechanisms to uphold data security and comply with privacy regulations such as the General Data Protection Regulation (GDPR). In this paper, we propose a comprehensive architecture with a suite of efficient protocols that leverage the synergistic capabilities of the Blockchain and Interplanetary File System (IPFS) technologies to enable secure access control and sharing of EHRs. Our approach is based on a private blockchain, wherein smart contracts are deployed to enforce control exclusively by patients. By granting patients exclusive control over their EHRs, our solution ensures compliance with personal data protection laws and empowers individuals to manage their health information autonomously. Notably, our proposed architecture seamlessly integrates with existing health provider information systems, facilitating interoperability and effectively addressing security and data heterogeneity challenges. To demonstrate the effectiveness of our approach, we developed a prototype based on a private implementation of the Hyperledger platform, enabling the simulation of diverse scenarios involving access control and health data sharing among healthcare practitioners. Our experimental results demonstrate the scalability of our solution, thereby substantiating its efficacy and robustness in real-world healthcare settings.",Tayeb Kenaza; Islam Debicha; Youcef Fares; Mehdi Sehaki; Sami Messai,https://arxiv.org/abs/2602.20830,
arxiv,Leveraging Public-Private Blockchain Interoperability for Closed Consortium Interfacing,2021,arXiv,10.1109/infocom42981.2021.9488683,2104.09801,"With the increasing adoption of private blockchain platforms, consortia operating in various sectors such as trade, finance, logistics, etc., are becoming common. Despite having the benefits of a completely decentralized architecture which supports transparency and distributed control, existing private blockchains limit the data, assets, and processes within its closed boundary, which restricts secure and verifiable service provisioning to the end-consumers. Thus, platforms such as e-commerce with multiple sellers or cloud federation with a collection of cloud service providers cannot be decentralized with the existing blockchain platforms. This paper proposes a decentralized gateway architecture interfacing private blockchain with end-users by leveraging the unique combination of public and private blockchain platforms through interoperation. Through the use case of decentralized cloud federations, we have demonstrated the viability of the solution. Our testbed implementation with Ethereum and Hyperledger Fabric, with three service providers, shows that such consortium can operate within an acceptable response latency while scaling up to 64 parallel requests per second for cloud infrastructure provisioning. Further analysis over the Mininet emulation platform indicates that the platform can scale well with minimal impact over the latency as the number of participating service providers increases.",Bishakh Chandra Ghosh; Tanay Bhartia; Sourav Kanti Addya; Sandip Chakraborty,https://arxiv.org/abs/2104.09801,
arxiv,Scalable and Communication-efficient Decentralized Federated Edge Learning with Multi-blockchain Framework,2020,arXiv,,2008.04743,"The emerging Federated Edge Learning (FEL) technique has drawn considerable attention, which not only ensures good machine learning performance but also solves ""data island"" problems caused by data privacy concerns. However, large-scale FEL still faces following crucial challenges: (i) there lacks a secure and communication-efficient model training scheme for FEL; (2) there is no scalable and flexible FEL framework for updating local models and global model sharing (trading) management. To bridge the gaps, we first propose a blockchain-empowered secure FEL system with a hierarchical blockchain framework consisting of a main chain and subchains. This framework can achieve scalable and flexible decentralized FEL by individually manage local model updates or model sharing records for performance isolation. A Proof-of-Verifying consensus scheme is then designed to remove low-quality model updates and manage qualified model updates in a decentralized and secure manner, thereby achieving secure FEL. To improve communication efficiency of the blockchain-empowered FEL, a gradient compression scheme is designed to generate sparse but important gradients to reduce communication overhead without compromising accuracy, and also further strengthen privacy preservation of training data. The security analysis and numerical results indicate that the proposed schemes can achieve secure, scalable, and communication-efficient decentralized FEL.",Jiawen Kang; Zehui Xiong; Chunxiao Jiang; Yi Liu; Song Guo; Yang Zhang; Dusit Niyato; Cyril Leung,https://arxiv.org/abs/2008.04743,
arxiv,BF-Meta: Secure Blockchain-enhanced Privacy-preserving Federated Learning for Metaverse,2024,arXiv,,2410.21675,"The metaverse, emerging as a revolutionary platform for social and economic activities, provides various virtual services while posing security and privacy challenges. Wearable devices serve as bridges between the real world and the metaverse. To provide intelligent services without revealing users' privacy in the metaverse, leveraging federated learning (FL) to train models on local wearable devices is a promising solution. However, centralized model aggregation in traditional FL may suffer from external attacks, resulting in a single point of failure. Furthermore, the absence of incentive mechanisms may weaken users' participation during FL training, leading to degraded performance of the trained model and reduced quality of intelligent services. In this paper, we propose BF-Meta, a secure blockchain-empowered FL framework with decentralized model aggregation, to mitigate the negative influence of malicious users and provide secure virtual services in the metaverse. In addition, we design an incentive mechanism to give feedback to users based on their behaviors. Experiments conducted on five datasets demonstrate the effectiveness and applicability of BF-Meta.",Wenbo Liu; Handi Chen; Edith C. H. Ngai,https://arxiv.org/abs/2410.21675,
arxiv,TeleBTC: Trustless Wrapped Bitcoin,2023,arXiv,,2307.13848,"This paper introduces TeleBTC, a fully decentralized protocol designed to wrap Bitcoin (BTC) on programmable blockchains. The creation of a decentralized wrapped BTC presents challenges due to the non-programmable nature of Bitcoin, making it difficult to custody BTCs in a decentralized way. Existing solutions have addressed this challenge by introducing an external layer of validators who take custody of users' BTCs. However, the security and decentralization of this layer are inferior to the underlying blockchains on which wrapped BTC is built. Moreover, the process of joining or leaving for a validator has become overly complex and expensive. To overcome these limitations, we propose a novel approach that eliminates the need for such an external layer by leveraging the light client bridge protocol. Additionally, we employ economic mechanisms such as incentivization and slashing, resulting in a secure and trust-minimized wrapped BTC solution. With TeleBTC, users can seamlessly transfer their BTC to other blockchains and utilize it within decentralized applications. Furthermore, they can unwrap their TeleBTC and reclaim the native BTC. To address the high costs associated with light client bridges, we present an optimistic approach that minimizes the cost. This approach significantly reduces the operational expenses of running the protocol.",Mahyar Daneshpajooh; Niusha Moshrefi; Mahdi Darabi; Sina Hashemi; Mehrafarin Kazemi,https://arxiv.org/abs/2307.13848,
arxiv,SoK: Blockchain Agent-to-Agent Payments,2026,arXiv,,2604.03733,"Agentic AI rivals human capabilities across a wide range of domains. Looking ahead, it is foreseeable that AI agents will autonomously handle complex workflows and interactions. Early prototypes of this paradigm are emerging, e.g., OpenClaw and Moltbook, signaling a shift toward Agent-to-Agent (A2A) ecosystems. However, despite these promising blueprints, critical trust and security challenges remain, particularly in scenarios involving financial transactions. Ensuring secure and reliable payment mechanisms between unknown and untrusted agents is crucial to complete a fully functional and trustworthy A2A ecosystem. Although blockchain-based infrastructures provide a natural foundation for this setting, via programmable settlement, transparent accounting, and open interoperability, trust and security challenges have not yet been fully addressed. Hence, for the first time, we systematize blockchain-based A2A payments, e.g., X402, with a four-stage lifecycle: discovery, authorization, execution, and accounting. We categorize representative designs at each stage and identify key challenges, including weak intent binding, misuse under valid authorization, payment-service decoupling, and limited accountability. We highlight future directions for strengthening cross-stage consistency, enabling behavior-aware control, and supporting compositional payment workflows across agents and systems.",Yuanzhe Zhang; Yuexin Xiang; Yuchen Lei; Qin Wang; Tian Qiu; Yujing Sun; Spiridon Zarkov; Tsz Hon Yuen,https://arxiv.org/abs/2604.03733,
arxiv,Containing Future Epidemics with Trustworthy Federated Systems for Ubiquitous Warning and Response,2020,arXiv,,2010.13392,"In this paper, we propose a global digital platform to avoid and combat epidemics by providing relevant real-time information to support selective lockdowns. It leverages the pervasiveness of wireless connectivity while being trustworthy and secure. The proposed system is conceptualized to be decentralized yet federated, based on ubiquitous public systems and active citizen participation. Its foundations lie on the principle of informational self-determination. We argue that only in this way it can become a trustworthy and legitimate public good infrastructure for citizens by balancing the asymmetry of the different hierarchical levels within the federated organization while providing highly effective detection and guiding mitigation measures towards graceful lockdown of the society. To exemplify the proposed system, we choose the remote patient monitoring as use case. In which, the integration of distributed ledger technologies with narrowband IoT technology is evaluated considering different number of endorsed peers. An experimental proof of concept setup is used to evaluate the performance of this integration, in which the end-to-end latency is slightly increased when a new endorsed element is added. However, the system reliability, privacy, and interoperability are guaranteed. In this sense, we expect active participation of empowered citizens to supplement the more usual top-down management of epidemics.",Dick Carrillo; Lam Duc Nguyen; Pedro H. J. Nardelli; Evangelos Pournaras; Plinio Morita; Demóstenes Z. Rodríguez; Merim Dzaferagic; Harun Siljak,https://arxiv.org/abs/2010.13392,
arxiv,Signals and Spoils: Speculative Oracle Extractable Value in the Era of Cross-Chain Interoperability,2026,arXiv,,2606.03434,"A new form of Maximal Extractable Value (MEV), termed speculative MEV, has emerged across Layer-2 blockchains. Unlike Ethereum mainnet, many Layer-2 systems lack a public mempool, forcing extraction strategies to become probabilistic: searchers emit multiple identical transactions hoping to capture an opportunity first. This generates substantial transaction spam, increasing fees and wasting block space. We investigate speculative Oracle Extractable Value (OEV), a form of MEV associated with liquidating undercollateralized loans via speculative backrunning of oracle price updates. We propose a methodology for detecting speculative liquidations in the wild and apply it across Arbitrum, Base, and Optimism. On October 10, 2025, we identify 64 speculative liquidators on Aave (57% of all detected liquidators) and 831 successful speculative liquidations (39% of all successful liquidations across the three chains). We further examine whether latency differences in oracle price feed updates across blockchains can be exploited for cross-chain OEV. Specifically, we ask whether a searcher can observe oracle updates on one chain and frontrun liquidation opportunities on another. We systematically analyze Chainlink Decentralized Oracle Network (DON) configurations (deviation thresholds, heartbeat intervals, and submitted price observations) across Arbitrum, Base, Ethereum, and Optimism. Our dataset comprises 63 Chainlink feeds, 12,009 price updates, and over 100,000 oracle observations linked to 2,986 Aave liquidations. We show that independent DONs consume largely identical off-chain price data nearly simultaneously yet publish updates at different times, creating statistically predictable cross-chain exploitation windows. We demonstrate that Chainlink updates on Optimism can predict subsequent updates on Arbitrum and Base, enabling speculative cross-chain OEV extraction.",Hasret Ozan Sevim; Christof Ferreira Torres,https://arxiv.org/abs/2606.03434,
arxiv,Counter Denial of Service for Next-Generation Networks within the Artificial Intelligence and Post-Quantum Era,2024,arXiv,,2408.04725,"Given the rise in cyber threats to networked systems, coupled with the proliferation of AI techniques and enhanced processing capabilities, Denial of Service (DoS) attacks are becoming increasingly sophisticated and easily executable. They target system availability, compromising entire systems without breaking underlying security protocols. Consequently, numerous studies have focused on preventing, detecting, and mitigating DoS attacks. However, state-of-the-art systematization efforts have limitations such as isolated DoS countermeasures, shortcomings of AI-based studies, and a lack of DoS integration features like privacy, anonymity, authentication, and transparency. Additionally, the emergence of quantum computers is a game changer for DoS from attack and defense perspectives, yet it has remained largely unexplored. This study aims to address these gaps by examining (counter)-DoS in the AI era while also considering post-quantum (PQ) security when it applies. We highlight the deficiencies in the current literature and provide insights into synergistic techniques to bridge these gaps. We explore AI mechanisms for DoS intrusion detection, evaluate cybersecurity properties in cutting-edge machine learning models, and analyze weaponized AI in the context of DoS. We also investigate collaborative and distributed counter-DoS frameworks via federated learning and blockchains. Finally, we assess proactive approaches such as honeypots, puzzles, and authentication schemes that can be integrated into next-generation network systems for DoS prevention and mitigation.",Saleh Darzi; Attila A. Yavuz,https://arxiv.org/abs/2408.04725,
arxiv,"Analysis of Polkadot: Architecture, Internals, and Contradictions",2022,arXiv,,2207.14128,"Polkadot is a network protocol launched in 2020 with the ambition of unlocking the full potential of blockchain technologies. Its novel multi-chain protocol allows arbitrary data to be transferred across heterogeneous blockchains, enabling the implementation of a wide range of novel use cases. The Polkadot architecture is based on the principles of sharding, which promises to solve scalability and interoperability shortcomings that encumber many existing blockchain-based systems. Lured by these impressive features, investors immediately appreciated the Polkadot project, which is now firmly ranked among the top 10 cryptocurrencies by capitalization (around 20 Billions USD). However, Polkadot has not received the same level of attention from academia that other proposals in the crypto domain have received so far, like Bitcoin, Ethereum, and Algorand, to cite a few. Polkadot architecture is described and discussed only in the grey literature, and very little is known about its internals. In this paper, we provide the first systematic study on the Polkadot environment, detailing its protocols, governance, and economic model. Then, we identify several limitations -- supported by an empirical analysis of its ledger -- that could severely affect the scalability and overall security of the network. Finally, based on our analysis, we provide future directions to inspire researchers to investigate further the Polkadot ecosystem and its pitfalls in terms of performance, security, and network aspects.",Hanaa Abbas; Maurantonio Caprolu; Roberto Di Pietro,https://arxiv.org/abs/2207.14128,
arxiv,A Novel Blockchain-based Trust Model for Cloud Identity Management,2019,arXiv,10.1109/dasc/picom/datacom/cyberscitec.2018.00126,1903.04767,"Secure and reliable management of identities has become one of the greatest challenges facing cloud computing today, mainly due to the huge number of new cloud-based applications generated by this model, which means more user accounts, passwords, and personal information to provision, monitor, and secure. Currently, identity federation is the most useful solution to overcome the aforementioned issues and simplify the user experience by allowing efficient authentication mechanisms and use of identity information from data distributed across multiple domains. However, this approach creates considerable complexity in managing trust relationships for both the cloud service providers and their clients. Poor management of trust in federated identity management systems brings with it many security, privacy and interoperability issues, which contributes to the reluctance of organizations to move their critical identity data to the cloud. In this paper, we aim to address these issues by introducing a novel trust and identity management model based on the Blockchain for cloud identity management with security and privacy improvements.",Keltoum Bendiab; Nicholas Kolokotronis; Stavros Shiaeles; Samia Boucherkha,https://arxiv.org/abs/1903.04767,
arxiv,A Secure Consensus Protocol for Sidechains,2019,arXiv,,1906.06490,"Sidechain technology has been envisioned as a promising solution to accelerate today's public blockchains in terms of scalability and interoperability. By relying on the mainchain for security, different sidechains can formulate their own rules to reach consensus. Although the literature has considered the possibility of using consensus protocols in the sidechain, so far a tailor-made consensus protocol for sidechains with high performance and formal security proof has not been attempted. To fill this gap, we introduce Cumulus, a low overhead, highly efficient, security provable sidechain protocol. Cumulus makes use of smart contracts to ensure that only one block proposed in the sidechain will be enforced on the mainchain in each round, thereby achieving consensus in an efficient manner. We give a formal specification of Cumulus which ensures safety and liveness without any online requirements of clients. For security analysis, we provide formal security definitions and proofs under Universally Composable Security (UCS) model. As a proof of concept, we implement Cumulus and evaluate it in an Ethereum testnet.",Fangyu Gai; Cesar Grajales; Jianyu Niu; Mohammad Mussadiq Jalalzai; Chen Feng,https://arxiv.org/abs/1906.06490,
arxiv,Event-driven Fabric Blockchain -- ROS 2 Interface: Towards Secure and Auditable Teleoperation of Mobile Robots,2023,arXiv,,2304.00781,"The integration of blockchain technology in robotic systems has been met by the community with a combination of hype and skepticism. The current literature shows that there is indeed potential for more secure and trustable distributed robotic systems. However, it is still unclear in what aspects of robotics beyond high-level decision making can blockchain technology be indeed usable. This paper explores the limits of a permissioned blockchain framework, Hyperledger Fabric, for teleoperation. Remote operation of mobile robots can benefit from the auditability and security properties of a blockchain. We study the potential benefits and the main limitations of such an approach. We introduce a new design and implementation for a event-driven Fabric-ROS 2 bridge that is able to maintain lower latencies at higher network loads than previous solutions. We also show this opens the door to more realistic use cases and applications. Our experiments with small aerial robots show latencies in the hundreds of milliseconds and simultaneous control of both a single and multi-robot system. We analyze the main trade-offs and limitations for real-world near real-time remote teleoperation.",Lei Fu; Salma Salimi; Jorge Peña Queralta; Tomi Westerlund,https://arxiv.org/abs/2304.00781,
arxiv,A Systematic Literature Review on the Use of Blockchain Technology in Transition to a Circular Economy,2024,arXiv,,2408.11664,"The circular economy has the potential to increase resource efficiency and minimize waste through the 4R framework of reducing, reusing, recycling, and recovering. Blockchain technology is currently considered a valuable aid in the transition to a circular economy. Its decentralized and tamper-resistant nature enables the construction of transparent and secure supply chain management systems, thereby improving product accountability and traceability. However, the full potential of blockchain technology in circular economy models will not be realized until a number of concerns, including scalability, interoperability, data protection, and regulatory and legal issues, are addressed. More research and stakeholder participation are required to overcome these limitations and achieve the benefits of blockchain technology in promoting a circular economy. This article presents a systematic literature review (SLR) that identified industry use cases for blockchain-driven circular economy models and offered architectures to minimize resource consumption, prices, and inefficiencies while encouraging the reuse, recycling, and recovery of end-of-life products. Three main outcomes emerged from our review of 41 documents, which included scholarly publications, Twitter-linked information, and Google results. The relationship between blockchain and the 4R framework for circular economy; discussion the terminology and various forms of blockchain and circular economy; and identification of the challenges and obstacles that blockchain technology may face in enabling a circular economy. This research shows how blockchain technology can help with the transition to a circular economy. Yet, it emphasizes the importance of additional study and stakeholder participation to overcome potential hurdles and obstacles in implementing blockchain-driven circular economy models.",Ishmam Abid; S. M. Zuhayer Anzum Fuad; Mohammad Jabed Morshed Chowdhury; Mehruba Sharmin Chowdhury; Md Sadek Ferdous,https://arxiv.org/abs/2408.11664,
arxiv,Gophy: Novel Proof-of-Useful-Work blockchain architecture for High Energy Physics,2024,arXiv,,2404.09093,"In this publication, a novel architecture for Proof-of-Useful-Work blockchain consensus which aims to replace hash-based block problems with Monte Carlo simulation-based block problems to donate computational power to real-world HEP experiments is described. Design decisions are detailed and challenges are addressed. The architecture is being implemented using Golang and can be run inside the CbmRoot software environment. The goal is to build a bridge between the disciplines HEP and blockchain to build a novel blockchain network in which the network's computational power is not wasted but instead used to support a scientific experiment while at the same time securing the underlying permissioned blockchain. The blockchain features a token-based cryptocurrency that is rewarded to miners that donate computational power and acts as an additional incentive to participate which traditional volunteer computing can not provide. The implementation named gophy is being implemented in Golang and is expected to be open-sourced before the end of 2024.",Felix Hoffmann; Udo Kebschull,https://arxiv.org/abs/2404.09093,
arxiv,"A technical solution for the rule of law, peace, security, and evolvability of global cyberspace -- solve the three genetic defects of IP network",2024,arXiv,,2412.10722,"Since its inception in the 1960s, the internet has profoundly transformed human life. However, its original design now struggles to meet the evolving demands of modern society. Three primary defects have emerged: First, the concentration of power among a few dominant entities has intensified international conflicts and widened the technological divide. Second, the Internet Protocol (IP)-based system lacks inherent security, leading to frequent global cybersecurity incidents. Third, the rigidity of the IP protocol has hindered the sustainable development of cyberspace, as it resists necessary adaptations and innovations. Addressing these issues is crucial for the future resilience and security of the global digital landscape. To address these challenges, we propose the Co-governed Multi-Identifier Network (CoG-MIN briefly as MIN), a novel network architecture that leverages blockchain technology to ensure equal participation of countries worldwide in cyberspace governance and the rule of law. As a next-generation network system, CoG-MIN integrates mechanisms such as user authentication, data signatures, and encryption to significantly enhance network security. In testing environments, CoG-MIN has consistently withstood extensive attacks during various international cybersecurity competitions. Additionally, CoG-MIN supports the evolution and interoperability of different identifier systems, remains IP-compatible, and facilitates a gradual transition away from IP, providing an adaptable ecosystem for diverse network architectures. This adaptability fosters the development and evolution of diverse network architectures within CoG-MIN, making it a natural progression for the internet's future development. We further introduce a trilogy of cyberspace security theorems... (Due to character limitations, the full abstract is available in the paper PDF.)",Hui Li; Kedan Li; Jiaqing Lv; Yuanshao Liang; Feng Han; Shuo-Yen Robert Li,https://arxiv.org/abs/2412.10722,
arxiv,LTRAS: A Linkable Threshold Ring Adaptor Signature Scheme for Efficient and Private Cross-Chain Transactions,2026,arXiv,,2602.05431,"Despite the advantages of decentralization and immutability, blockchain technology faces significant scalability and throughput limitations, which has prompted the exploration of off-chain solutions like payment channels. Adaptor signatures have been considered a promising primitive for constructing such channels due to their support for atomicity, offering an alternative to traditional hash-timelock contracts. However, standard adaptor signatures may reveal signer identity, raising potential privacy concerns. While ring signatures can mitigate this issue by providing anonymity, they often introduce high communication overhead, particularly in multi-account payment settings commonly used in UTXO-based blockchains like Monero. To address these limitations, we propose a Linkable Threshold Ring Adaptor Signature (LTRAS) scheme, which integrates the conditional binding of adaptor signatures, the multi-account payment of threshold ring signatures, and the linkability for preventing double-spending. The formal definition, security model and concrete construction of LTRAS are provided. We also analyze its security and evaluate its performance through theoretical analysis and experimental implementation. Experimental results demonstrate that our scheme achieve significantly lower computation and communication overhead compared to existing schemes in large ring sizes and multi-account payment scenarios. Finally, we discuss its application in cross-chain atomic swaps, demonstrating its potential for enhancing privacy and efficiency in blockchain transactions.",Yi Liang; Jinguang Han,https://arxiv.org/abs/2602.05431,
arxiv,Cross-border Exchange of CBDCs using Layer-2 Blockchain,2023,arXiv,,2312.16193,"This paper proposes a novel multi-layer blockchain architecture for the cross-border trading of CBDCs. The permissioned layer-2, by relying on the public consensus of the underlying network, assures the security and integrity of the transactions and ensures interoperability with domestic CBDCs implementations. Multiple Layer-3s operate various Automated Market Makers (AMMs) and compete with each other for the lowest costs. To provide insights into the practical implications of the system, simulations of trading costs are conducted based on historical FX rates, with Project Mariana as a benchmark. The study shows that, even with liquidity fragmentation, a multi-layer and multi-AMM setup is more cost-efficient than a single AMM.",Krzysztof Gogol; Johnnatan Messias; Malte Schlosser; Benjamin Kraner; Claudio Tessone,https://arxiv.org/abs/2312.16193,
arxiv,Bet and Attack: Incentive Compatible Collaborative Attacks Using Smart Contracts,2020,arXiv,10.1007/978-3-030-90370-1_16,2010.12280,"Smart contract-enabled blockchains allow building decentralized applications in which mutually-distrusted parties can work together. Recently, oracle services emerged to provide these applications with real-world data feeds. Unfortunately, these capabilities have been used for malicious purposes under what is called criminal smart contracts. A few works explored this dark side and showed a variety of such attacks. However, none of them considered collaborative attacks against targets that reside outside the blockchain ecosystem. In this paper, we bridge this gap and introduce a smart contract-based framework that allows a sponsor to orchestrate a collaborative attack among (pseudo)anonymous attackers and reward them for that. While all previous works required a technique to quantify an attacker's individual contribution, which could be infeasible with respect to real-world targets, our framework avoids that. This is done by developing a novel scheme for trustless collaboration through betting. That is, attackers bet on an event (i.e., the attack takes place) and then work on making that event happen (i.e., perform the attack). By taking DDoS as a usecase, we formulate attackers' interaction as a game, and formally prove that these attackers will collaborate in proportion to the amount of their bets in the game's unique equilibrium. We also model our framework and its reward function as an incentive mechanism and prove that it is a strategy proof and budget-balanced one. Finally, we conduct numerical simulations to demonstrate the equilibrium behavior of our framework.",Z. Motaqy; G. Almashaqbeh; B. Bahrak; N. Yazdani,https://arxiv.org/abs/2010.12280,
arxiv,"Implementation of an efficient, portable and platform-agnostic cryptocurrency mining algorithm for Internet of Things devices",2022,arXiv,,2205.01646,"Recently, there has been a remarkable amount of research being done in both, the fields of Blockchain and Internet of Things (IoT). Blockchain technology synergises well with IoT, solving key problems such as privacy, concerns with interoperability and security. However, the consensus mechanisms that allows trustless parties to maintain an agreement, the same algorithms that underpins cryptocurrency mining, are usually extremely computationally expensive, making implementation on low-power IoT devices difficult. More importantly, mining requires downloading and synchronizing hundred of gigabytes worth of blocks which is far beyond the capabilities of most IoT devices. In this paper, we present an efficient, portable and platform-agnostic cryptocurrency mining algorithm using the Stratum protocol to avoid downloading the entire blockchain. We implement the algorithm in four different platforms- PC, ESP32, an emulator and an old PlayStation Portable (PSP) to demonstrate that it is indeed possible for any device to mine cryptocurrencies with no assumptions except the ability to connect to the internet. To make sure of ease of portability on any platform and for reproducibility of the reported results we make the implementation publicly available with detailed instructions at: https://anonymous.4open.science/r/cryptominer.",Kinshuk Dua,https://arxiv.org/abs/2205.01646,
arxiv,XDC Gasless Subnet: Gasless Subnet Staking dApp for XDC Network,2024,arXiv,,2409.17176,"With a delegated proof-of-stake (XDPoS) consensus mechanism, the XDC Network is an enterprise-focused blockchain platform that combines the strength of public and private blockchains to provide quick transaction times, low energy consumption, and economical gas fees. XDC is designed for interoperability and supports decentralized apps (dApps) and integrates smoothly with financial systems. It is perfect for trade financing and tokenisation of physical assets because of its emphasis on security and scalability. However, there are a few critical issues that hamper wider acceptance and usability for certain high-frequency applications. This whitepaper introduces a novel and enthralling dApp for establishing a gasless subnet in which mainnet XDC can be staked to spin off a subnet that functions similarly to a non-crypto network, accepting currency fees on the XDC network. This would allow users to stake their tokens without incurring gas fees making the staking process more efficient, cost-effective, and simultaneously enhancing scalability. Performance evaluation of the dApp shows promising results in terms of throughput, latency, scalability, security, and cost efficiency. The use cases and applications of this approach along with challenges and ensuing solutions are included.",Mohuya Chakraborty; Atul Khekade,https://arxiv.org/abs/2409.17176,
arxiv,SecureVAX: A Blockchain-Enabled Secure Vaccine Passport System,2024,arXiv,,2407.13852,"A vaccine passport serves as documentary proof, providing passport holders with greater freedom while roaming around during pandemics. It confirms vaccination against certain infectious diseases like COVID-19, Ebola, and flu. The key challenges faced by the digital vaccine passport system include passport forgery, unauthorized data access, and inaccurate information input by vaccination centers. Privacy concerns also need to be addressed to ensure that the user's personal identification information (PII) is not compromised. Additionally, it is necessary to track vaccine vials or doses to verify their authenticity, prevent misuse and illegal sales, as well as to restrict the illicit distribution of vaccines. To address these challenges, we propose a Blockchain-Enabled Secure Vaccine Passport System, leveraging the power of smart contracts. Our solution integrates off-chain and on-chain cryptographic computations, facilitating secure communication among various entities. We have utilized the InterPlanetary File System (IPFS) to store encrypted vaccine passports of citizens securely. Our prototype is built on the Ethereum platform, with smart contracts deployed on the Sepolia Test network, allowing for performance evaluation and validation of the system's effectiveness. By combining IPFS as a distributed data storage platform and Ethereum as a blockchain platform, our solution paves the way for secure, efficient, and globally interoperable vaccine passport management, supporting comprehensive vaccination initiatives worldwide.",Debendranath Das; Sushmita Ruj; Subhamoy Maitra,https://arxiv.org/abs/2407.13852,
arxiv,Elastic Restaking Networks,2025,arXiv,,2503.00170,"Many blockchain-based decentralized services require their validators (operators) to deposit stake (collateral), which is forfeited (slashed) if they misbehave. Restaking networks let validators secure multiple services by reusing stake. These networks have quickly gained traction, leveraging over \$20 billion in stake. However, restaking introduces a new attack vector where validators can coordinate to misbehave across multiple services simultaneously, extracting digital assets while forfeiting their stake only once. Previous work focused either on preventing coordinated misbehavior or on protecting services if all other services are Byzantine and might unjustly cause slashing due to bugs or malice. The first model overlooks how a single Byzantine service can collapse the network, while the second ignores shared-stake benefits. To bridge the gap, we analyze the system as a strategic game of coordinated misbehavior, when a given fraction of the services are Byzantine. We introduce elastic restaking networks, where validators can allocate portions of their stake that may cumulatively exceed their total stake, and when allocations are lost, the remaining stake stretches to cover remaining allocations. We show that elastic networks exhibit superior robustness compared to previous approaches, and demonstrate a synergistic effect where an elastic restaking network enhances its blockchain's security, contrary to community concerns of an opposite effect in existing networks. We then design incentives for tuning validators' allocations. Our elastic restaking system and incentive design have immediate practical implications for deployed restaking networks.",Roi Bar-Zur; Ittay Eyal,https://arxiv.org/abs/2503.00170,
arxiv,Empowering the Grid: Collaborative Edge Artificial Intelligence for Decentralized Energy Systems,2025,arXiv,,2505.07170,"This paper examines how decentralized energy systems can be enhanced using collaborative Edge Artificial Intelligence. Decentralized grids use local renewable sources to reduce transmission losses and improve energy security. Edge AI enables real-time, privacy-preserving data processing at the network edge. Techniques such as federated learning and distributed control improve demand response, equipment maintenance, and energy optimization. The paper discusses key challenges including data privacy, scalability, and interoperability, and suggests solutions such as blockchain integration and adaptive architectures. Examples from virtual power plants and smart grids highlight the potential of these technologies. The paper calls for increased investment, policy support, and collaboration to advance sustainable energy systems.",Eddie de Paula; Niel Bunda; Hezerul Abdul Karim; Nouar AlDahoul; Myles Joshua Toledo Tan,https://arxiv.org/abs/2505.07170,
arxiv,BlockMEDC: Blockchain Smart Contracts for Securing Moroccan Higher Education Digital Certificates,2024,arXiv,,2410.07258,"Morocco's Vision 2030, known as Maroc Digital 2030, aims to position the country as a regional leader in digital technology by boosting digital infrastructure, fostering innovation, and advancing digital skills. Complementing this initiative, the Pacte ESRI 2030 strategy, launched in 2023, seeks to transform the higher education, research, and innovation sectors by integrating state-of-the-art digital technologies. In alignment with these national strategies, this paper introduces BlockMEDC, a blockchain-based system for securing and managing Moroccan educational digital certificates. Leveraging Ethereum smart contracts and the InterPlanetary File System, BlockMEDC automates the issuance, management, and verification of academic credentials across Moroccan universities. The proposed system addresses key issues such as document authenticity, manual verification, and lack of interoperability, delivering a secure, transparent, and cost-effective solution that aligns with Morocco's digital transformation goals for the education sector.",Mohamed Fartitchou; Ismail Lamaakal; Khalid El Makkaoui; Zakaria El Allali; Yassine Maleh,https://arxiv.org/abs/2410.07258,
arxiv,SoK: Diving into DAG-based Blockchain Systems,2020,arXiv,,2012.06128,"Blockchain plays an important role in cryptocurrency markets and technology services. However, limitations on high latency and low scalability retard their adoptions and applications in classic designs. Reconstructed blockchain systems have been proposed to avoid the consumption of competitive transactions caused by linear sequenced blocks. These systems, instead, structure transactions/blocks in the form of Directed Acyclic Graph (DAG) and consequently re-build upper layer components including consensus, incentives, \textit{etc.} The promise of DAG-based blockchain systems is to enable fast confirmation (complete transactions within million seconds) and high scalability (attach transactions in parallel) without significantly compromising security. However, this field still lacks systematic work that summarises the DAG technique. To bridge the gap, this Systematization of Knowledge (SoK) provides a comprehensive analysis of DAG-based blockchain systems. Through deconstructing open-sourced systems and reviewing academic researches, we conclude the main components and featured properties of systems, and provide the approach to establish a DAG. With this in hand, we analyze the security and performance of several leading systems, followed by discussions and comparisons with concurrent (scaling blockchain) techniques. We further identify open challenges to highlight the potentiality of DAG-based solutions and indicate their promising directions for future research.",Qin Wang; Jiangshan Yu; Shiping Chen; Yang Xiang,https://arxiv.org/abs/2012.06128,
arxiv,Stateless and Secure Delivery versus Payment across Blockchains,2023,arXiv,,2311.05966,"We propose a secure, stateless and composable transaction scheme to establish delivery-versus-payment (DvP) across two (or more) blockchains without relying on time-locks, centralized escrow, or stateful intermediaries. The method minimizes coordination overhead and removes race conditions via a stateless decryption oracle that conditionally releases cryptographic keys. Specifically, the scheme requires: 1) a decryption oracle service (either centralized or using threshold decryption) that decrypts transaction-specific encrypted messages, and 2) a payment contract on the payment chain that executes conditional payments via transferAndDecrypt and emits the appropriate key, depending on transaction outcome (finality). The decrypted key then deterministically enables follow-up transactions - such as asset delivery or cancellation - on a separate blockchain. The protocol is lightweight and compatible with existing blockchain infrastructure (e.g., Ethereum), and avoids timeouts or pre-defined orderings. Our approach improves atomic cross-chain settlement and can serve as a blueprint for decentralized inter-chain financial markets. The protocol allows for multi-party DvP across multiple chains. A multi-party delivery versus payment is a valuable trade feature as it allows to bound multiple trade into a single atomic unit, effectively reducing liquidity requirements.",Christian P. Fries; Peter Kohl-Landgraf,https://arxiv.org/abs/2311.05966,
arxiv,"Autonomous Agents on Blockchains: Standards, Execution Models, and Trust Boundaries",2026,arXiv,,2601.04583,"Advances in large language models have enabled agentic AI systems that can reason, plan, and interact with external tools to execute multi-step workflows, while public blockchains have evolved into a programmable substrate for value transfer, access control, and verifiable state transitions. Their convergence introduces a high-stakes systems challenge: designing standard, interoperable, and secure interfaces that allow agents to observe on-chain state, formulate transaction intents, and authorize execution without exposing users, protocols, or organizations to unacceptable security, governance, or economic risks. This survey systematizes the emerging landscape of agent-blockchain interoperability through a systematic literature review, identifying 317 relevant works from an initial pool of over 3000 records. We contribute a five-part taxonomy of integration patterns spanning read-only analytics, simulation and intent generation, delegated execution, autonomous signing, and multi-agent workflows; a threat model tailored to agent-driven transaction pipelines that captures risks ranging from prompt injection and policy misuse to key compromise, adversarial execution dynamics, and multi-agent collusion; and a comparative capability matrix analyzing more than 20 representative systems across 13 dimensions, including custody models, permissioning, policy enforcement, observability, and recovery. Building on the gaps revealed by this analysis, we outline a research roadmap centered on two interface abstractions: a Transaction Intent Schema for portable and unambiguous goal specification, and a Policy Decision Record for auditable, verifiable policy enforcement across execution environments. We conclude by proposing a reproducible evaluation suite and benchmarks for assessing the safety, reliability, and economic robustness of agent-mediated on-chain execution.",Saad Alqithami,https://arxiv.org/abs/2601.04583,
arxiv,BLOCKS: Blockchain-supported Cross-Silo Knowledge Sharing for Efficient LLM Services,2025,arXiv,,2506.21033,"The hallucination problem of Large Language Models (LLMs) has increasingly drawn attention. Augmenting LLMs with external knowledge is a promising solution to address this issue. However, due to privacy and security concerns, a vast amount of downstream task-related knowledge remains dispersed and isolated across various ""silos,"" making it difficult to access. To bridge this knowledge gap, we propose a blockchain-based external knowledge framework that coordinates multiple knowledge silos to provide reliable foundational knowledge for large model retrieval while ensuring data security. Technically, we distill knowledge from local data into prompts and execute transactions and records on the blockchain. Additionally, we introduce a reputation mechanism and cross-validation to ensure knowledge quality and provide incentives for participation. Furthermore, we design a query generation framework that provides a direct API interface for large model retrieval. To evaluate the performance of our proposed framework, we conducted extensive experiments on various knowledge sources. The results demonstrate that the proposed framework achieves efficient LLM service knowledge sharing in blockchain environments.",Zhaojiacheng Zhou; Hongze Liu; Shijing Yuan; Hanning Zhang; Jiong Lou; Chentao Wu; Jie Li,https://arxiv.org/abs/2506.21033,
arxiv,Cost-Effective Data Feeds to Blockchains via Workload-Adaptive Data Replication,2019,arXiv,,1911.04078,"Feeding external data to a blockchain, a.k.a. data feed, is an essential task to enable blockchain interoperability and support emerging cross-domain applications, notably stablecoins. Given the data-intensive feeds in real life (e.g., high-frequency price updates) and the high cost in using blockchain, namely Gas, it is imperative to reduce the Gas cost of data feeds. Motivated by the constant-changing workloads in finance and other applications, this work focuses on designing a dynamic, workload-aware approach for cost effectiveness in Gas. This design space is understudied in the existing blockchain research which has so far focused on static data placement. This work presents GRuB, a cost-effective data feed that dynamically replicates data between the blockchain and an off-chain cloud storage. GRuB's data replication is workload-adaptive by monitoring the current workload and making online decisions w.r.t. data replication. A series of online algorithms are proposed that achieve the bounded worst-case cost in blockchain's Gas. GRuB runs the decision-making components on the untrusted cloud off-chain for lower Gas costs, and employs a security protocol to authenticate the data transferred between the blockchain and cloud. The overall GRuB system can autonomously achieve low Gas costs with changing workloads. We built a GRuB prototype functional with Ethereum and Google LevelDB, and supported real applications in stablecoins. Under real workloads collected from the Ethereum contract-call history and mixed workloads of YCSB, we systematically evaluate GRuB's cost which shows a saving of Gas by 10% ~ 74%, with comparison to the baselines of static data-placement.",Kai Li; Yuzhe Tang; Jiaqi Chen; Zhehu Yuan; Cheng Xu; Jianliang Xu,https://arxiv.org/abs/1911.04078,
arxiv,Bithoven: Formal Safety for Expressive Bitcoin Smart Contracts,2026,arXiv,,2601.01436,"The rigorous security model of Bitcoin's UTXO architecture often comes at the cost of developer usability, forcing a reliance on manual stack manipulation that leads to critical financial vulnerabilities like signature malleability, unspendable states and unconstrained execution paths. Industry standards such as Miniscript provide necessary abstractions for policy verification but do not model the full imperative logic required for complex contracts, leaving gaps in state management and resource liveness. This paper introduces Bithoven, a high-level language designed to bridge the gap between expressiveness and formal safety. By integrating a strict type checker and a resource liveness analyzer with a semantic control-flow analyzer, Bithoven eliminates major categories of consensus and logic defects defined in our fault model prior to deployment. Our results indicate that this safety comes at modest cost: Bithoven compiles to Bitcoin Script with efficiency comparable to hand-optimized code, demonstrating that type-safe, developer-friendly abstractions are viable even within the strict byte-size constraints of the Bitcoin blockchain.",Hyunhum Cho; Ik Rae Jeong,https://arxiv.org/abs/2601.01436,
arxiv,Collaborative Access Control for IoT -- A Blockchain Approach,2024,arXiv,,2405.15749,"The Internet of Things (IoT) necessitates robust access control mechanisms to secure a vast array of interconnected devices. Most of the existing IoT systems in practice use centralized solutions. We identify the problems in such solutions and adopt the blockchain based decentralized access control approach. Though there are works in the literature that use blockchain for access control, there are some gaps in these works. We develop a blockchain embedded access control (BEAC) framework to bridge the gaps. First, blockchain based solutions for access control require an enabling P2P network while existing P2P overlays do not support some required features. We develop a novel P2P infrastructure to seamlessly support our BEAC framework. Second, most of the works consider blockchain based access control for a single access control model, and we develop a generic blockchain mechanism and show that it can support the embedding of various access control models. Finally, existing works adopt existing blockchain mechanisms which may incur a high communication overhead. We develop a shortcut approach to improve the number of message rounds in the access protocol. Our experiments demonstrate the efficacy of our system, showing that the shortcut mechanism can reduces access time by approximately 43%.",Yongtao Huang; I-Ling Yen; Farokh Bastani,https://arxiv.org/abs/2405.15749,
arxiv,Sustainable business decision modelling with blockchain and digital twins: A survey,2024,arXiv,,2405.12101,"Industry 4.0 and beyond will rely heavily on sustainable Business Decision Modelling (BDM) that can be accelerated by blockchain and Digital Twin (DT) solutions. BDM is built on models and frameworks refined by key identification factors, data analysis, and mathematical or computational aspects applicable to complex business scenarios. Gaining actionable intelligence from collected data for BDM requires a carefully considered infrastructure to ensure data transparency, security, accessibility and sustainability. Organisations should consider social, economic and environmental factors (based on the triple bottom line approach) to ensure sustainability when integrating such an infrastructure. These sustainability features directly impact BDM concerning resource optimisation, stakeholder engagement, regulatory compliance and environmental impacts. To further understand these segments, taxonomies are defined to evaluate blockchain and DT sustainability features based on an in-depth review of the current state-of-the-art research. Detailed comparative evaluations provide insight into the reachability of the sustainable solution in terms of ideologies, access control and performance overheads. Several research questions are put forward to motivate further research that significantly impacts BDM. Finally, a case study based on an exemplary supply chain management system is presented to show the interoperability of blockchain and DT with BDM.",Gyan Wickremasinghe; Siofra Frost; Karen Rafferty; Vishal Sharma,https://arxiv.org/abs/2405.12101,
arxiv,vApps: Verifiable Applications at Internet Scale,2025,arXiv,,2504.14809,"Blockchain technology promises a decentralized, trustless, and interoperable infrastructure. However, widespread adoption remains hindered by issues such as limited scalability, high transaction costs, and the complexity of maintaining coherent verification logic across different blockchain layers. This paper introduces Verifiable Applications (vApps), a novel development framework designed to streamline the creation and deployment of verifiable blockchain computing applications. vApps offer a unified Rust-based Domain-Specific Language (DSL) within a comprehensive SDK, featuring modular abstractions for verification, proof generation, and inter-chain connectivity. This eases the developer's burden in securing diverse software components, allowing them to focus on application logic. The DSL also ensures that applications can automatically take advantage of specialized precompiles and hardware acceleration to achieve consistently high performance with minimal developer effort, as demonstrated by benchmark results for zero-knowledge virtual machines (zkVMs). Experiments show that native Rust execution eliminates interpretation overhead, delivering up to an 197x cycle count improvement compared to EVM-based approaches. Precompiled circuits can accelerate the proof by more than 95%, while GPU acceleration increases throughput by up to 30x and recursion compresses the proof size by up to 230x, enabling succinct and efficient verification. The framework also supports seamless integration with the Web2 and Web3 systems, enabling developers to focus solely on their application logic. Through modular architecture, robust security guarantees, and composability, vApps pave the way toward a trust-minimized and verifiable Internet-scale application environment.",Isaac Zhang; Kshitij Kulkarni; Tan Li; Daniel Wong; Thomas Kim; John Guibas; Uma Roy; Bryan Pellegrino,https://arxiv.org/abs/2504.14809,
arxiv,A Survey on the Applications of Zero-Knowledge Proofs,2024,arXiv,,2408.00243,"Zero-knowledge proofs (ZKPs) enable computational integrity and privacy by allowing one party to prove the truth of a statement without revealing underlying data. Compared with alternatives such as homomorphic encryption and secure multiparty computation, ZKPs offer distinct advantages in universality and minimal trust assumptions, with applications spanning blockchain systems and confidential verification of computational tasks. This survey provides a technical overview of ZKPs with a focus on an increasingly relevant subset called zkSNARKs. Unlike prior surveys emphasizing algorithmic and theoretical aspects, we take a broader view of practical deployments and recent use cases across multiple domains including blockchain privacy, scaling, storage, and interoperability, as well as non-blockchain applications such as voting, authentication, timelocks, and machine learning. To support consistent comparison, we provide (i) a taxonomy of application areas, (ii) evaluation criteria including proof size, prover and verifier time, memory, and setup assumptions, and (iii) comparative tables summarizing key tradeoffs and representative systems. The survey also covers supporting infrastructure, including zero-knowledge virtual machines, domain-specific languages, libraries, and frameworks. While emphasizing zkSNARKs for their prevalence in deployed systems, we compare them with zkSTARKs and Bulletproofs to clarify transparency and performance tradeoffs. We conclude with future research and application directions.",Ryan Lavin; Xuekai Liu; Hardhik Mohanty; Logan Norman; Giovanni Zaarour; Bhaskar Krishnamachari,https://arxiv.org/abs/2408.00243,
arxiv,"A Survey on Metaverse: Fundamentals, Security, and Privacy",2022,arXiv,10.1109/comst.2022.3202047,2203.02662,"Metaverse, as an evolving paradigm of the next-generation Internet, aims to build a fully immersive, hyper spatiotemporal, and self-sustaining virtual shared space for humans to play, work, and socialize. Driven by recent advances in emerging technologies such as extended reality, artificial intelligence, and blockchain, metaverse is stepping from science fiction to an upcoming reality. However, severe privacy invasions and security breaches (inherited from underlying technologies or emerged in the new digital ecology) of metaverse can impede its wide deployment. At the same time, a series of fundamental challenges (e.g., scalability and interoperability) can arise in metaverse security provisioning owing to the intrinsic characteristics of metaverse, such as immersive realism, hyper spatiotemporality, sustainability, and heterogeneity. In this paper, we present a comprehensive survey of the fundamentals, security, and privacy of metaverse. Specifically, we first investigate a novel distributed metaverse architecture and its key characteristics with ternary-world interactions. Then, we discuss the security and privacy threats, present the critical challenges of metaverse systems, and review the state-of-the-art countermeasures. Finally, we draw open research directions for building future metaverse systems.",Yuntao Wang; Zhou Su; Ning Zhang; Rui Xing; Dongxiao Liu; Tom H. Luan; Xuemin Shen,https://arxiv.org/abs/2203.02662,
arxiv,Probabilistic Sampling-Enhanced Temporal-Spatial GCN: A Scalable Framework for Transaction Anomaly Detection in Ethereum Networks,2023,arXiv,,2310.00144,"The rapid evolution of the Ethereum network necessitates sophisticated techniques to ensure its robustness against potential threats and to maintain transparency. While Graph Neural Networks (GNNs) have pioneered anomaly detection in such platforms, capturing the intricacies of both spatial and temporal transactional patterns has remained a challenge. This study presents a fusion of Graph Convolutional Networks (GCNs) with Temporal Random Walks (TRW) enhanced by probabilistic sampling to bridge this gap. Our approach, unlike traditional GCNs, leverages the strengths of TRW to discern complex temporal sequences in Ethereum transactions, thereby providing a more nuanced transaction anomaly detection mechanism. Preliminary evaluations demonstrate that our TRW-GCN framework substantially advances the performance metrics over conventional GCNs in detecting anomalies and transaction bursts. This research not only underscores the potential of temporal cues in Ethereum transactional data but also offers a scalable and effective methodology for ensuring the security and transparency of decentralized platforms. By harnessing both spatial relationships and time-based transactional sequences as node features, our model introduces an additional layer of granularity, making the detection process more robust and less prone to false positives. This work lays the foundation for future research aimed at optimizing and enhancing the transparency of blockchain technologies, and serves as a testament to the significance of considering both time and space dimensions in the ever-evolving landscape of the decentralized platforms.",Stefan Kambiz Behfar; Jon Crowcroft,https://arxiv.org/abs/2310.00144,
arxiv,Architecting Trust: A Framework for Secure IoT Systems Through Trusted Execution and Semantic Middleware,2026,arXiv,,2602.10762,"The Internet of Things (IoT) security landscape requires the architectural solutions that can address the technical and operational challenges across the heterogeneous environments. The IoT systems operate in different conditions, and security issues continue to increase. This paper presents the comprehensive security framework for IoT that should integrate the Trusted Execution Environments (TEEs) with the semantic middleware and blockchain technologies. The work provides a systematic analysis of the architectural patterns based on more than twenty recent research works and the existing standards, and it proposes a layered security architecture. The architecture includes the hardware rooted trust at peripheral level, the zero trust principles at network level, and the semantic security mechanisms at application level. The framework focuses on practical implementation aspects such as the performance overhead, interoperability requirements, and the compliance with new regulations, which are very important for the real IoT deployments. The paper reports quantitative metrics which include the cryptographic performance on Cortex-M class microcontrollers with the detection accuracy rates and the energy consumption values. The proposed architecture shows that cross-layer security integration can provide defense in depth while it still satisfies the constraints of resource-limited IoT environments. The discussion highlights open challenges and the future research directions for the IoT security architectures that include the post-quantum migration, secure federated model exchange and the automated compliance verification.",Muhammad Imran,https://arxiv.org/abs/2602.10762,
arxiv,Fed-DDM: A Federated Ledgers based Framework for Hierarchical Decentralized Data Marketplaces,2021,arXiv,,2104.05583,"Data marketplaces (DMs) promote the benefits of the Internet of Things (IoT) in smart cities. To facilitate the easy exchanges of real-time IoT data streams between device owners and third-party applications, it is required to provide scalable, interoperable, and secured services for large numbers of distributed IoT devices operated by different application vendors. Thanks to decentralization, immutability, and auditability, Blockchain is promising to enable a tamper-proof and trust-free framework to enhance performance and security issues in centralized DMs. However, directly integrating blockchains into large-scale IoT-based DMs still faces many limitations, such as high resource and energy demands, low transaction throughput, poor scalability, and challenges in privacy preservation. This paper introduces a novel Federated Ledgers-based Framework for Hierarchical Decentralized Data Marketplaces (Fed-DDM). In Fed-DDM, participants are divided into multiple permissioned domains given their registrations. Each domain leverages an efficient Byzantine Fault Tolerance (BFT) consensus protocol to commit transactions of a domain on a private intra-ledger. A public inter-ledger network adopts a scalable Proof-of-Work (PoW) consensus protocol to federate multiple private intra-ledger networks. We design a smart contract-enabled inter-ledger protocol to guarantee the security of the cross-domain operations on a public federated ledger without exposing sensitive privacy information from private ledgers. A proof-of-concept prototype is implemented, and the experimental results verify the feasibility of the proposed Fed-DDM solution with performance and security guarantees.",Ronghua Xu; Yu Chen,https://arxiv.org/abs/2104.05583,
arxiv,Information Flow Control in Off-Chain Components,2026,arXiv,,2608.26858,"This paper develops a model of a smart-contract language for a blockchain architecture with off-chain components. Off-chain components are pieces of smart contracts that execute at designated locations outside of the network of blockchain nodes, but remain synchronised with the on-chain contract state. They react to changes to the on-chain state, but may also notify the on-chain component about events in the world, e.g. stock prices, weather data etc., or even act as a bridge between different blockchains. This affords greater flexibility for the developer, but may also enable new vulnerabilities. As a concrete example, we use the model to study the problem of ensuring integrity and secrecy of data between the on-chain and off-chain components, using static information flow control techniques. This fails, even in the absence of a loop construct, because off-chain components act as separate threads and can encode a blocking construct e.g. through recursive method calls. We end the paper with a discussion of possible ways to remedy this situation.",Stian Lybech; Eun-Young Kang; Riccardo Tonello; Anders Dalskov,https://arxiv.org/abs/2608.26858,
arxiv,"Real World Assets on-Chain Assistance Low-Altitude Computility Networks: Architecture, Methodology, and Challenges",2025,arXiv,,2508.17911,"Low-altitude airspace is becoming a new frontier for smart city services and commerce. Networks of drones, electric Vertical Takeoff and Landing (eVTOL) vehicles, and other aircraft, termed Low-Altitude Economic Networks (LAENets), promise to transform urban logistics, aerial sensing, and communication. A key challenge is how to efficiently share and trust the computing utility, termed computility, of these aerial devices. We propose treating the computing power on aircraft as tokenized Real-World Assets (RWAs) that can be traded and orchestrated via blockchain. By representing distributed edge computing resources as blockchain tokens, disparate devices can form Low-Altitude Computility Networks (LACNets), collaborative computing clusters in the sky. We first compare blockchain technologies, non-fungible tokens (NFTs), and RWA frameworks to clarify how physical hardware and its computational output can be tokenized as assets. Then, we present an architecture using blockchain to integrate aircraft fleets into a secure, interoperable computing network. Furthermore, a case study models an urban logistics LACNet of delivery drones and air-taxis. Simulation results indicate improvements in task latency, trust assurance, and resource efficiency when leveraging RWA-based coordination. Finally, we discuss future research directions, including AI-driven orchestration, edge AI offloading and collaborative computing, and cross-jurisdictional policy for tokenized assets.",Haoxiang Luo; Ruichen Zhang; Yinqiu Liu; Gang Sun; Hongfang Yu; Zhu Han,https://arxiv.org/abs/2508.17911,
arxiv,A privacy-preserving data storage and service framework based on deep learning and blockchain for construction workers' wearable IoT sensors,2022,arXiv,,2211.10713,"Classifying brain signals collected by wearable Internet of Things (IoT) sensors, especially brain-computer interfaces (BCIs), is one of the fastest-growing areas of research. However, research has mostly ignored the secure storage and privacy protection issues of collected personal neurophysiological data. Therefore, in this article, we try to bridge this gap and propose a secure privacy-preserving protocol for implementing BCI applications. We first transformed brain signals into images and used generative adversarial network to generate synthetic signals to protect data privacy. Subsequently, we applied the paradigm of transfer learning for signal classification. The proposed method was evaluated by a case study and results indicate that real electroencephalogram data augmented with artificially generated samples provide superior classification performance. In addition, we proposed a blockchain-based scheme and developed a prototype on Ethereum, which aims to make storing, querying and sharing personal neurophysiological data and analysis reports secure and privacy-aware. The rights of three main transaction bodies - construction workers, BCI service providers and project managers - are described and the advantages of the proposed system are discussed. We believe this paper provides a well-rounded solution to safeguard private data against cyber-attacks, level the playing field for BCI application developers, and to the end improve professional well-being in the industry.",Xiaoshan Zhou; Pin-Chao Liao,https://arxiv.org/abs/2211.10713,
arxiv,MetaChain: A Novel Blockchain-based Framework for Metaverse Applications,2021,arXiv,,2201.00759,"Metaverse has recently attracted paramount attention due to its potential for future Internet. However, to fully realize such potential, Metaverse applications have to overcome various challenges such as massive resource demands, interoperability among applications, and security and privacy concerns. In this paper, we propose MetaChain, a novel blockchain-based framework to address emerging challenges for the development of Metaverse applications. In particular, by utilizing the smart contract mechanism, MetaChain can effectively manage and automate complex interactions among the Metaverse Service Provider (MSP) and the Metaverse users (MUs). In addition, to allow the MSP to efficiently allocate its resources for Metaverse applications and MUs' demands, we design a novel sharding scheme to improve the underlying blockchain's scalability. Moreover, to leverage MUs' resources as well as to attract more MUs to support Metaverse operations, we develop an incentive mechanism using the Stackelberg game theory that rewards MUs' contributions to the Metaverse. Through numerical experiments, we clearly show the impacts of the MUs' behaviors and how the incentive mechanism can attract more MUs and resources to the Metaverse.",Cong T. Nguyen; Dinh Thai Hoang; Diep N. Nguyen; Eryk Dutkiewicz,https://arxiv.org/abs/2201.00759,
arxiv,SoK: Preconfirmations,2025,arXiv,,2510.02947,"In recent years, significant research efforts have focused on improving blockchain throughput and confirmation speeds without compromising security. While decreasing the time it takes for a transaction to be included in the blockchain ledger enhances user experience, a fundamental delay still remains between when a transaction is issued by a user and when its inclusion is confirmed in the blockchain ledger. This delay limits user experience gains through the confirmation uncertainty it brings for users. This inherent delay in conventional blockchain protocols has led to the emergence of preconfirmation protocols -- protocols that provide users with early guarantees of eventual transaction confirmation. This article presents a Systematization of Knowledge (SoK) on preconfirmations. We present the core terms and definitions needed to understand preconfirmations, outline a general framework for preconfirmation protocols, and explore the economics and risks of preconfirmations. Finally, we survey and apply our framework to several implementations of real-world preconfirmation protocols, bridging the gap between theory and practice.",Aikaterini-Panagiota Stouka; Conor McMenamin; Demetris Kyriacou; Lin Oshitani; Quentin Botha,https://arxiv.org/abs/2510.02947,
arxiv,Prediction and Detection of Terminal Diseases Using Internet of Medical Things: A Review,2024,arXiv,,2410.00034,"The integration of Artificial Intelligence (AI) and the Internet of Medical Things (IoMT) in healthcare, through Machine Learning (ML) and Deep Learning (DL) techniques, has advanced the prediction and diagnosis of chronic diseases. AI-driven models such as XGBoost, Random Forest, CNNs, and LSTM RNNs have achieved over 98\% accuracy in predicting heart disease, chronic kidney disease (CKD), Alzheimer's disease, and lung cancer, using datasets from platforms like Kaggle, UCI, private institutions, and real-time IoMT sources. However, challenges persist due to variations in data quality, patient demographics, and formats from different hospitals and research sources. The incorporation of IoMT data, which is vast and heterogeneous, adds complexities in ensuring interoperability and security to protect patient privacy. AI models often struggle with overfitting, performing well in controlled environments but less effectively in real-world clinical settings. Moreover, multi-morbidity scenarios especially for rare diseases like dementia, stroke, and cancers remain insufficiently addressed. Future research should focus on data standardization and advanced preprocessing techniques to improve data quality and interoperability. Transfer learning and ensemble methods are crucial for improving model generalizability across clinical settings. Additionally, the exploration of disease interactions and the development of predictive models for chronic illness intersections is needed. Creating standardized frameworks and open-source tools for integrating federated learning, blockchain, and differential privacy into IoMT systems will also ensure robust data privacy and security.",Akeem Temitope Otapo; Alice Othmani; Ghazaleh Khodabandelou; Zuheng Ming,https://arxiv.org/abs/2410.00034,
arxiv,"A Survey on Federated Learning for the Healthcare Metaverse: Concepts, Applications, Challenges, and Future Directions",2023,arXiv,,2304.00524,"Recent technological advancements have considerately improved healthcare systems to provide various intelligent healthcare services and improve the quality of life. Federated learning (FL), a new branch of artificial intelligence (AI), opens opportunities to deal with privacy issues in healthcare systems and exploit data and computing resources available at distributed devices. Additionally, the Metaverse, through integrating emerging technologies, such as AI, cloud edge computing, Internet of Things (IoT), blockchain, and semantic communications, has transformed many vertical domains in general and the healthcare sector in particular. Obviously, FL shows many benefits and provides new opportunities for conventional and Metaverse healthcare, motivating us to provide a survey on the usage of FL for Metaverse healthcare systems. First, we present preliminaries to IoT-based healthcare systems, FL in conventional healthcare, and Metaverse healthcare. The benefits of FL in Metaverse healthcare are then discussed, from improved privacy and scalability, better interoperability, better data management, and extra security to automation and low-latency healthcare services. Subsequently, we discuss several applications pertaining to FL-enabled Metaverse healthcare, including medical diagnosis, patient monitoring, medical education, infectious disease, and drug discovery. Finally, we highlight significant challenges and potential solutions toward the realization of FL in Metaverse healthcare.",Ali Kashif Bashir; Nancy Victor; Sweta Bhattacharya; Thien Huynh-The; Rajeswari Chengoden; Gokul Yenduri; Praveen Kumar Reddy Maddikunta; Quoc-Viet Pham,https://arxiv.org/abs/2304.00524,
arxiv,Enabling Technologies for Web 3.0: A Comprehensive Survey,2023,arXiv,,2401.10901,"Web 3.0 represents the next stage of Internet evolution, aiming to empower users with increased autonomy, efficiency, quality, security, and privacy. This evolution can potentially democratize content access by utilizing the latest developments in enabling technologies. In this paper, we conduct an in-depth survey of enabling technologies in the context of Web 3.0, such as blockchain, semantic web, 3D interactive web, Metaverse, Virtual reality/Augmented reality, Internet of Things technology, and their roles in shaping Web 3.0. We commence by providing a comprehensive background of Web 3.0, including its concept, basic architecture, potential applications, and industry adoption. Subsequently, we examine recent breakthroughs in IoT, 5G, and blockchain technologies that are pivotal to Web 3.0 development. Following that, other enabling technologies, including AI, semantic web, and 3D interactive web, are discussed. Utilizing these technologies can effectively address the critical challenges in realizing Web 3.0, such as ensuring decentralized identity, platform interoperability, data transparency, reducing latency, and enhancing the system's scalability. Finally, we highlight significant challenges associated with Web 3.0 implementation, emphasizing potential solutions and providing insights into future research directions in this field.",Md Arif Hassan; Mohammad Behdad Jamshidi; Bui Duc Manh; Nam H. Chu; Chi-Hieu Nguyen; Nguyen Quang Hieu; Cong T. Nguyen; Dinh Thai Hoang,https://arxiv.org/abs/2401.10901,
arxiv,Healthcare Policy Compliance: A Blockchain Smart Contract-Based Approach,2023,arXiv,,2312.10214,"This paper addresses the critical challenge of ensuring healthcare policy compliance in the context of Electronic Health Records (EHRs). Despite stringent regulations like HIPAA, significant gaps in policy compliance often remain undetected until a data breach occurs. To bridge this gap, we propose a novel blockchain-powered, smart contract-based access control model. This model is specifically designed to enforce patient-provider agreements (PPAs) and other relevant policies, thereby ensuring both policy compliance and provenance. Our approach integrates components of informed consent into PPAs, employing blockchain smart contracts to automate and secure policy enforcement. The authorization module utilizes these contracts to make informed access decisions, recording all actions in a transparent, immutable blockchain ledger. This system not only ensures that policies are rigorously applied but also maintains a verifiable record of all actions taken, thus facilitating an easy audit and proving compliance. We implement this model in a private Ethereum blockchain setup, focusing on maintaining the integrity and lineage of policies and ensuring that audit trails are accurately and securely recorded. The Proof of Compliance (PoC) consensus mechanism enables decentralized, independent auditor nodes to verify compliance status based on the audit trails recorded. Experimental evaluation demonstrates the effectiveness of the proposed model in a simulated healthcare environment. The results show that our approach not only strengthens policy compliance and provenance but also enhances the transparency and accountability of the entire process. In summary, this paper presents a comprehensive, blockchain-based solution to a longstanding problem in healthcare data management, offering a robust framework for ensuring policy compliance and provenance through smart contracts and blockchain technology.",Md Al Amin; Hemanth Tummala; Seshamalini Mohan; Indrajit Ray,https://arxiv.org/abs/2312.10214,
arxiv,Trust-free Personalized Decentralized Learning,2024,arXiv,,2410.11378,"Personalized collaborative learning in federated settings faces a critical trade-off between customization and participant trust. Existing approaches typically rely on centralized coordinators or trusted peer groups, limiting their applicability in open, trust-averse environments. While recent decentralized methods explore anonymous knowledge sharing, they often lack global scalability and robust mechanisms against malicious peers. To bridge this gap, we propose TPFed, a \textit{Trust-free Personalized Decentralized Federated Learning} framework. TPFed replaces central aggregators with a blockchain-based bulletin board, enabling participants to dynamically select global communication partners based on Locality-Sensitive Hashing (LSH) and peer ranking. Crucially, we introduce an ``all-in-one'' knowledge distillation protocol that simultaneously handles knowledge transfer, model quality evaluation, and similarity verification via a public reference dataset. This design ensures secure, globally personalized collaboration without exposing local models or data. Extensive experiments demonstrate that TPFed significantly outperforms traditional federated baselines in both learning accuracy and system robustness against adversarial attacks.",Yawen Li; Yan Li; Junping Du; Yingxia Shao; Meiyu Liang; Guanhua Ye,https://arxiv.org/abs/2410.11378,
arxiv,"Blockchain Empowered Trustworthy Agent Networks: Foundations, Taxonomy, and Future Directions",2026,arXiv,,2608.04626,"AI agents are evolving from isolated task executors into networked autonomous entities that can communicate, delegate tasks, invoke tools, access external knowledge, and participate in cross-platform service and economic workflows. This evolution gives rise to open agent networks, where heterogeneous agents owned by different stakeholders interact without naturally shared infrastructures for identity, authorization, auditability, reputation, or settlement. This survey and tutorial article reviews the literature over the period 1980--2026 on the evolution from classical multi-agent systems to open agent networks, with a particular focus on LLM-based autonomous agents, agent interoperability protocols, Internet-of-Agents infrastructures, and blockchain-enabled trust mechanisms. We first review this evolution and show how the trust boundary expands from individual execution to cross-agent, cross-platform, and cross-organizational interaction. We then identify a network-level trust crisis that cannot be fully addressed by single-agent safety mechanisms or closed multi-agent coordination techniques, and develop a five-dimensional taxonomy covering entity and capability trust, authorization and delegation trust, information and provenance trust, coordination and group-robustness trust, and accountability and settlement trust. Based on this taxonomy, we examine how blockchain can provide shared identity, verifiable authorization, tamper-evident provenance, auditable collaboration, incentive alignment, and value settlement for trustworthy agent networks. We further synthesize the mapping between agent-network risks, trust requirements, and blockchain-enabled mechanisms, and clarify the role of blockchain as a shared trust layer rather than a replacement for agent security, semantic verification, privacy protection, or robust reasoning.",Liehuang Zhu; Yuhang Li; Tianxing Wang; Zhihao Chen; Ke Li; Hongyi Liu; Yajie Wang; Lei Xu,https://arxiv.org/abs/2608.04626,
arxiv,AStERISK: Auction-based Shared Economy ResolutIon System for blocKchain,2019,arXiv,,1901.07824,"Recent developments in blockchains and edge computing allows to deploy decentralized shared economy with utility tokens, where altcoins secure and reward useful work. However, the majority of the systems being developed, does not provide mechanisms to pair workers and clients, or rely on manual and insecure resolution. AStERISK bridges this gap allowing to perform sealed-bid auctions on blockchains, automatically determine the most optimal price for services, and assign clients to the most suitable workers. AStERISK allows workers to specify a minimal price for their work, and hide submitted bids as well the identity of the bidders without relying on any centralized party at any point. We provide a smart contract implementation of AStERISK and show how to deploy it within the Filecoin network, and perform an initial benchmark on Chainspace.",Alberto Sonnino; Michał Król; Argyrios G. Tasiopoulos; Ioannis Psaras,https://arxiv.org/abs/1901.07824,
arxiv,Cryptoeconomics and Tokenomics as Economics: A Survey with Opinions,2024,arXiv,,2407.15715,"This paper surveys products and studies on cryptoeconomics and tokenomics from an economic perspective, as these terms are still (i) ill-defined and (ii) disconnected from economic disciplines. We first suggest that they can be novel when integrated; we then conduct a literature review and case study following consensus-building for decentralization and token value for autonomy. Integration requires simultaneous consideration of strategic behavior, spamming, Sybil attacks, free-riding, marginal cost, marginal utility and stabilizers. This survey is the first systematization of knowledge on cryptoeconomics and tokenomics, aiming to bridge the contexts of economics and blockchain.",Kensuke Ito,https://arxiv.org/abs/2407.15715,
arxiv,Blockchain-Enabled Dynamic Spectrum Sharing for Satellite and Terrestrial Communication Networks,2024,arXiv,,2408.02013,"Dynamic spectrum sharing (DSS) between satellite and terrestrial networks has increasingly engaged the academic and industrial sectors. Nevertheless, facilitating secure, efficient and scalable sharing continues to pose a pivotal challenge. Emerging as a promising technology to bridge the trust gap among multiple participants, blockchain has been envisioned to enable DSS in a decentralized manner. However, satellites with limited resources may struggle to support the frequent interactions required by blockchain networks. Additionally,given the extensive coverage of satellites, spectrum sharing needs vary by regions, challenging traditional blockchain approaches to accommodate differences. In this work, a partitioned, self-governed, and customized dynamic spectrum sharing approach (PSC-DSS) is proposed for spectrum sharing between satellite access networks and terrestrial access networks. This approach establishes a sharded and tiered architecture which allows various regions to manage spectrum autonomously while jointly maintaining a single blockchain ledger. Moreover, a spectrum-consensus integrated mechanism, which decouples DSS process and couples it with blockchain consensus protocol, is designed to enable regions to conduct DSS transactions in parallel and dynamically innovate spectrum sharing schemes without affecting others. Furthermore, a theoretical framework is derived to justify the stability performance of PSC-DSS. Finally, simulations and experiments are conducted to validate the advantageous performance of PSC-DSS in terms of low-overhead, high efficiency, and robust stability.",Zixin Wang; Mingrui Cao; Hao Jiang; Bin Cao; Shuo Wang; Chen Sun; Mugen Peng,https://arxiv.org/abs/2408.02013,
arxiv,Empowering remittance management in the digitised landscape: A real-time Data-Driven Decision Support with predictive abilities for financial transactions,2023,arXiv,,2311.11476,"The advent of Blockchain technology (BT) revolutionised the way remittance transactions are recorded. Banks and remittance organisations have shown a growing interest in exploring blockchain's potential advantages over traditional practices. This paper presents a data-driven predictive decision support approach as an innovative artefact designed for the blockchain-oriented remittance industry. Employing a theory-generating Design Science Research (DSR) approach, we have uncovered the emergence of predictive capabilities driven by transactional big data. The artefact integrates predictive analytics and Machine Learning (ML) to enable real-time remittance monitoring, empowering management decision-makers to address challenges in the uncertain digitised landscape of blockchain-oriented remittance companies. Bridging the gap between theory and practice, this research not only enhances the security of the remittance ecosystem but also lays the foundation for future predictive decision support solutions, extending the potential of predictive analytics to other domains. Additionally, the generated theory from the artifact's implementation enriches the DSR approach and fosters grounded and stakeholder theory development in the information systems domain.",Rashikala Weerawarna; Shah J Miah,https://arxiv.org/abs/2311.11476,
arxiv,The Myth of Immutability: A Multivocal Review on Smart Contract Upgradeability,2025,arXiv,,2504.02719,"The immutability of smart contracts on blockchain platforms like Ethereum promotes security and trustworthiness but presents challenges for updates, bug fixes, or adding new features post-deployment. These limitations can lead to vulnerabilities and outdated functionality, impeding the evolution and maintenance of decentralized applications. Despite various upgrade mechanisms proposed in academic research and industry, a comprehensive analysis of their trade-offs and practical implications is lacking. This study aims to systematically identify, classify, and evaluate existing smart contract upgrade mechanisms, bridging the gap between theoretical concepts and practical implementations. It introduces standardized terminology and evaluates the trade-offs of different approaches using software quality attributes. We conducted a Multivocal Literature Review (MLR) to analyze upgrade mechanisms from both academic research and industry practice. We first establish a unified definition of smart contract upgradeability and identify core components essential for understanding the upgrade process. Based on this definition, we classify existing methods into full upgrade and partial upgrade approaches, introducing standardized terminology to harmonize the diverse terms used in the literature. We then characterize each approach and assess its benefits and limitations using software quality attributes such as complexity, flexibility, security, and usability. The analysis highlights significant trade-offs among upgrade mechanisms, providing valuable insights into the benefits and limitations of each approach. These findings guide developers and researchers in selecting mechanisms tailored to specific project requirements.",Ilham Qasse; Isra M. Ali; Nafisa Ahmed; Mohammad Hamdaqa; Björn Þór Jónsson,https://arxiv.org/abs/2504.02719,
arxiv,MemeChain: A Multimodal Cross-Chain Dataset for Meme Coin Forensics and Risk Analysis,2026,arXiv,,2601.22185,"The meme coin ecosystem has grown into one of the most active yet least observable segments of the cryptocurrency market, characterized by extreme churn, minimal project commitment, and widespread fraudulent behavior. While countless meme coins are deployed across multiple blockchains, they rely heavily on off-chain web and social infrastructure to signal legitimacy. These very signals are largely absent from existing datasets, which are often limited to single-chain data or lack the multimodal artifacts required for comprehensive risk modeling. To address this gap, we introduce MemeChain, a large-scale, open-source, cross-chain dataset comprising 34,988 meme coins across Ethereum, BNB Smart Chain, Solana, and Base. MemeChain integrates on-chain data with off-chain artifacts, including website HTML source code, token logos, and linked social media accounts, enabling multimodal and forensic study of meme coin projects. Analysis of the dataset shows that visual branding is frequently omitted in low-effort deployments, and many projects lack a functional website. Moreover, we quantify the ecosystem's extreme volatility, identifying 1,801 tokens (5.15%) that cease all trading activity within just 24 hours of launch. By providing unified cross-chain coverage and rich off-chain context, MemeChain serves as a foundational resource for research in financial forensics, multimodal anomaly detection, and automated scam prevention in the meme coin ecosystem.",Alberto Maria Mongardini; Alessandro Mei,https://arxiv.org/abs/2601.22185,
arxiv,A Blockchain-Based Trust Framework for Resilient Cross-Domain UAV Service Orchestration,2026,arXiv,,2603.00456,"Unmanned aerial vehicle (UAV) networks are increasingly deployed for complex missions, including disaster response, intelligent logistics, and environmental monitoring. These missions generally require coordinated collaboration among multiple UAVs across distinct administrative domains. To support such cross-domain cooperation, service function chains (SFCs) are constructed, where complex workflows are decomposed into ordered service functions assigned to appropriate UAVs along the mission path. However, it is challenging to ensure secure, trustworthy, and low-latency cross-domain SFC orchestration in identity management, authentication, and resilience to node failures. To address these issues, this paper proposes a consortium blockchain-based trust architecture for cross-domain decentralized identity verification, auditable task execution, and dynamic service-aware orchestrator selection. The framework employs a hierarchical four-phase cross-domain authentication protocol covering the credential pre-verification, intra-domain execution, secure relay, and audit logging. The use case analysis confirms that the proposed framework achieves substantial reductions in authentication latency and significant improvements in system throughput against centralized and static schemes. The open challenges in scalability, adaptive trust assessment, interoperability, and energy efficiency are discussed, thereby providing directions for future researches on secure and efficient cross-domain UAV service orchestration.",Yao Wu; Ziye Jia; Jingjing Zhao; Haoyang Wang; Qihui Wu; Zhu Han,https://arxiv.org/abs/2603.00456,
arxiv,"Topos: A Secure, Trustless, and Decentralized Interoperability Protocol",2022,arXiv,,2206.03481,"Topos is an open interoperability protocol designed to reduce as much as possible trust assumptions by replacing them with cryptographic constructions and decentralization while exhibiting massive scalability. The protocol does not make use of a central blockchain, nor uses consensus to ensure consistent delivery of messages across a heterogeneous ecosystem of public and private blockchains, named subnets, but instead relies on a weak causal reliable broadcast implemented by a distributed network which we call $\textit{Transmission Control Engine}$ (TCE). The validity of cross-subnet messages is ensured by the $\textit{Universal Certificate Interface}$ (UCI) and stems from zkSTARK proofs asserting the validity of subnets' state transitions executed by the Topos zkVM. Such proofs of computational integrity are publicly verifiable by any other participants in and out the protocol such as other subnets or audit companies. The interface between the TCE and subnets leverages the ICE-FROST protocol, an innovative threshold signature scheme, whose static public key allows for uniquely identifying subnets after they register in the protocol. The Topos protocol is designed to provide $\textit{uniform security}$ to the ecosystem and to handle any type of subnets (e.g., permissioned, permissionless) in order to fit any business use cases and pave the way for global adoption and a new standard for the Internet base layer.",Théo Gauthier; Sébastien Dan; Monir Hadji; Antonella Del Pozzo; Yackolley Amoussou-Guenou,https://arxiv.org/abs/2206.03481,
arxiv,Evaluating the Security of Merkle Trees in the Internet of Things: An Analysis of Data Falsification Probabilities,2024,arXiv,10.3390/cryptography8030033,2404.12093,"Addressing the critical challenge of ensuring data integrity in decentralized systems, this paper delves into the underexplored area of data falsification probabilities within Merkle Trees, which are pivotal in blockchain and Internet of Things (IoT) technologies. Despite their widespread use, a comprehensive understanding of the probabilistic aspects of data security in these structures remains a gap in current research. Our study aims to bridge this gap by developing a theoretical framework to calculate the probability of data falsification, taking into account various scenarios based on the length of the Merkle path and hash length. The research progresses from the derivation of an exact formula for falsification probability to an approximation suitable for cases with significantly large hash lengths. Empirical experiments validate the theoretical models, exploring simulations with diverse hash lengths and Merkle path lengths. The findings reveal a decrease in falsification probability with increasing hash length and an inverse relationship with longer Merkle paths. A numerical analysis quantifies the discrepancy between exact and approximate probabilities, underscoring the conditions for the effective application of the approximation. This work offers crucial insights into optimizing Merkle Tree structures for bolstering security in blockchain and IoT systems, achieving a balance between computational efficiency and data integrity.",Oleksandr Kuznetsov; Alex Rusnak; Anton Yezhov; Kateryna Kuznetsova; Dzianis Kanonik; Oleksandr Domin,https://arxiv.org/abs/2404.12093,
arxiv,AI Agent Architecture for Decentralized Trading of Alternative Assets,2025,arXiv,,2507.11117,"Decentralized trading of real-world alternative assets (e.g., gold) requires bridging physical asset custody with blockchain systems while meeting strict requirements for compliance, liquidity, and risk management. We present GoldMine OS, a research oriented architecture that employs multiple specialized AI agents to automate and secure the tokenization and exchange of physical gold into a blockchain based stablecoin (""OZ""). Our approach combines on chain smart contracts for critical risk controls with off chain AI agents for decision making, blending the transparency and reliability of blockchains with the flexibility of AI driven automation. We describe four cooperative agents (Compliance, Token Issuance, Market Making, and Risk Control) and a coordinating core, and evaluate the system through simulation and a controlled pilot deployment. In experiments the prototype delivers on demand token issuance in under 1.2 s, more than 100 times faster than manual workflows. The Market Making agent maintains tight liquidity with spreads often below 0.5 percent even under volatile conditions. Fault injection tests show resilience: an oracle price spoofing attack is detected and mitigated within 10 s, and a simulated vault mis reporting halts issuance immediately with minimal user impact. The architecture scales to 5000 transactions per second with 10000 concurrent users in benchmarks. These results indicate that an AI agent based decentralized exchange for alternative assets can satisfy rigorous performance and safety requirements. We discuss broader implications for democratizing access to traditionally illiquid assets and explain how our governance model -- multi signature agent updates and on chain community voting on risk parameters -- provides ongoing transparency, adaptability, and formal assurance of system integrity.",Ailiya Borjigin; Cong He; Charles CC Lee; Wei Zhou,https://arxiv.org/abs/2507.11117,
arxiv,Identifying and Characterizing Semantic Clones of Solidity Functions,2026,arXiv,,2604.26526,"Smart Contracts are essential blockchain components, mainly written in Solidity. The high availability of public Solidity code leads to frequent reuse and high clone ratios. Since cloning can propagate vulnerabilities and flaws, effective detection is crucial. Although existing techniques work well in detecting syntactic clones, the identification of semantic clones is an open problem. To address this challenge, in this paper, we present and empirically assess a scalable methodology, based on analyzing code and comments, to spot semantically equivalent Solidity functions. We first collected an up-to-date dataset of about 300,000 Ethereum smart contracts, 82.07% of which are compliant with modern Solidity version 0.8. Manual validation of a statistically significant sample comprising 1,155 function pairs confirms the effectiveness of our solution, achieving an overall precision of 59% (rising to 84% for homonymous functions) and a recall of 97%. Besides, we explore the structural differences occurring on semantically equivalent Solidity functions, demonstrating that they often represent design alternatives focused on security choices, modularization, and gas optimization. Finally, we investigate the use of Large Language Models (LLMs) as documentation engines in scenarios where code comments are poor or absent. Our results show that LLM-generated summaries, combined with sentence transformers like BERT, can bridge the documentation gap, enabling the identification of semantic clones in uncommented code with 75% precision. This work establishes a modern benchmark for Solidity clone detection and provides a foundation for the automated discovery of secure and efficient code alternatives.",Ermanno Francesco Sannini; Francesco Salzano; Simone Scalabrino; Rocco Oliveto; Remo Pareschi; Corrado Aaron Visaggio; Andrea Di Sorbo,https://arxiv.org/abs/2604.26526,
arxiv,A Distributed Efficient Blockchain Oracle Scheme for Internet of Things,2023,arXiv,10.23919/transcom.2023ebp3156,2310.00254,"In recent years, blockchain has been widely applied in the Internet of Things (IoT). Blockchain oracle, as a bridge for data communication between blockchain and off-chain, has also received significant attention. However, the numerous and heterogeneous devices in the IoT pose great challenges to the efficiency and security of data acquisition for oracles. We find that the matching relationship between data sources and oracle nodes greatly affects the efficiency and service quality of the entire oracle system. To address these issues, this paper proposes a distributed and efficient oracle solution tailored for the IoT, enabling fast acquisition of real-time off-chain data. Specifically, we first design a distributed oracle architecture that combines both Trusted Execution Environment (TEE) devices and ordinary devices to improve system scalability, considering the heterogeneity of IoT devices. Secondly, based on the trusted node information provided by TEE, we determine the matching relationship between nodes and data sources, assigning appropriate nodes for tasks to enhance system efficiency. Through simulation experiments, our proposed solution has been shown to effectively improve the efficiency and service quality of the system, reducing the average response time by approximately 9.92\% compared to conventional approaches.",Youquan Xian; Lianghaojie Zhou; Jianyong Jiang; Boyi Wang; Hao Huo; Peng Liu,https://arxiv.org/abs/2310.00254,
arxiv,"Willchain: Decentralized, Privacy-Preserving, Self-Executing, Digital Wills",2025,arXiv,,2507.03694,"This work presents a novel decentralized protocol for digital estate planning that integrates advances distributed computing, and cryptography. The original proof-of-concept was constructed using purely solidity contracts. Since then, we have enhanced the implementation into a layer-1 protocol that uses modern interchain communication to connect several heterogeneous chain types. A key contribution of this research is the implementation of several modern cryptographic primitives to support various forms of claims for information validation. These primitives introduce an unmatched level of privacy to the process of digital inheritance. We also demonstrate on a set of heterogeneous smart contracts, following the same spec, on each chain to serve as entry points, gateways, or bridge contracts that are invoked via a path from the will module on our protocol, to the contract. This ensures a fair and secure distribution of digital assets in accordance with the wishes of the decedent without the requirement of moving their funds. This research further extends its innovations with a user interaction model, featuring a check-in system and account abstraction process, which enhances flexibility and user-friendliness without compromising on security. By developing a dedicated permissionless blockchain that is secured by a network of validators, and interchain relayers, the proposed protocol signifies a transformation in the digital estate planning industry and illustrates the potential of blockchain technology in revolutionizing traditional legal and personal spheres. Implementing a cryptoeconomic network at the core of inheritance planning allows for unique incentive compatible economic mechanisms to be constructed.",Jovonni L. PHarr,https://arxiv.org/abs/2507.03694,
arxiv,EventSpec: Defining and Detecting Event-Semantic Issues in Blockchain Ecosystems,2026,arXiv,,2609.07865,"In recent years, smart contracts have become the backbone of decentralized applications (DApps), and off-chain systems such as bridges, wallets, and indexers rely heavily on event logs to track contract execution and state changes. However, the Ethereum Virtual Machine (EVM) does not validate or enforce event semantics, so logs can diverge from on-chain state, misleading off-chain systems into accepting incorrect state transitions. Existing smart contract vulnerability detection tools focus on logic bugs, with limited support for detecting event-semantic defects. To address this gap, we collect audit reports and incident cases and apply open card sorting to define five classes of event-semantic defects: event collision, state-event mismatch, unauthorized event emission, event emission mismatch, and event parameter mismatch. We propose EventSpec, which infers event specifications from a contract corpus via behavior inference and semantic-constraint extraction and applies differential checking to identify event-semantic defects in target contracts. We run EventSpec on 6,617 real-world contracts and evaluate detection effectiveness based on manually labeled results; EventSpec achieves an overall comprehensive precision of 90.17%. We further provide an off-chain evaluation harness that reproduces two off-chain attack vectors on any EVM-compatible chain: event origin confusion caused by unintended emitters and event-state desynchronization where events lack matching state updates. Using this harness, we demonstrate the feasibility of these attacks on bridge relayers, blockchain explorers, and NFT marketplaces, and report six wallet issues, four of which were confirmed (including a $600 bounty), with two remaining pending.",Yixuan Liu; Yuxin Dong; Ye Liu; Yin Wu; Chengxuan Zhang; Xiapu Luo; Yi Li,https://arxiv.org/abs/2609.07865,
arxiv,"The Convergence of Blockchain, IoT and 6G: Potential, Opportunities, Challenges and Research Roadmap",2021,arXiv,,2109.03184,"The world is undergoing a profound transformation with the advent of intelligent information era. 6G networks envisioned being the game changer in next generation wireless communication systems that will address the challenges of limited information speed escalated with the augmentation of billions of data applications encountered by the current fifth generation (5G) networks. Some key radical technologies in 6G together with existing 5G candidate schemes will guarantee the expected quality of experience (QoE) to attain ubiquitous wireless connectivity for the Internet of Everything (IoE) ranging from the telecom industry to digital smart industries. Blockchain technology (BCT) has gained significant attention due to undertake the decentralization, transparency, spectrum resource scarcity, inherent privacy and security, poor interoperability, confidentiality, and emerging smart applications domains including Industrial IoT and Industry 4.0. The mismatch between the requirements of many data intensive disruptive IoT applications and 5G network capabilities steered the demand of decentralized BCT based 6G architecture. Inspired by these facts, this paper studies an extensive survey to draw a new direction of blockchain integration into 6G mobile networks, IoT technologies, and smart industries focusing the potential merits and challenges in terms of infrastructure sharing, computational loads, latency, bandwidth overhead, business model, sustainability goals, and edge intelligence. We highlighted the convergence of IoT in blockchain to enable intelligent distribution in future industrial IoT and the technical model of 6G networks to realize the successful deployment of BCT schemes. This paper pointed out the current intriguing challenges, canvassed the mitigation techniques, and plausible future research opportunities that may benefit the pursuit of this vision.",Abu Jahid; Mohammed H. Alsharif; Trevor J. Hall,https://arxiv.org/abs/2109.03184,
arxiv,Trustless Accountable Data Sharing for Supply Chains: A Reference Architecture and MoreMedDiet Proof-of-Concept,2026,arXiv,,2608.30992,"Modern supply chains are increasingly dependent on the exchange of sensitive business data between heterogeneous stakeholders who do not trust each other. %under partial trust. Conventional integration approaches typically rely on centralized intermediaries or require extensive data disclosure, which hinders collaboration, compliance, and innovation. We propose a generic reference architecture for privacy preserving, trustless data sharing in supply chains. The architecture combines permissioned distributed ledgers, IoT-based evidence ingestion, and modular privacy mechanisms to enable controlled transparency: stakeholders can extract verifiable insights and support audits while minimizing data exposure. We instantiate the architecture in the context of the MoreMedDiet project, which promotes sustainable farm-to-fork food systems and adoption of the Mediterranean diet. By mapping the MoreMedDiet use case into our architecture, we demonstrate how channel topologies, IoT-to-ledger data flows, and smart contract-based quality assurance (QA) can support secure data exchange, transparency, interoperability, and regulatory alignment. Our proof-of-concept illustrates how Self-Sovereign Identity (SSI) and W3C Verifiable Credentials (VCs) can provide portable and auditable access governance over Hyperledger Fabric channels. The resulting design offers a reusable blueprint for multi-actor supply chains, including agri-food and pharmaceutical domains. Moreover, the performance achieved -- presenting a verified credential to the next stakeholder in the supply chain in 130 ms -- is promising and demonstrates the potential applicability of the approach in real-world supply chain environments.",Michal Kit; Montassar Naghmouchi; Maryline Laurent; Badis Hammi; Hella Kaffel Ben Ayed; Mohamed Amine Hamdi; Jihene Khoualdi; Ilhem Abdelhedi Abdelmoula,https://arxiv.org/abs/2608.30992,
arxiv,Retrofitting a two-way peg between blockchains,2019,arXiv,,1908.03999,"In December 2015, a bounty emerged to establish both reliable communication and secure transfer of value between the Dogecoin and Ethereum blockchains. This prized ""Dogethereum bridge"" would allow parties to ""lock"" a DOGE coin on Dogecoin and in exchange receive a newly minted WOW token in Ethereum. Any subsequent owner of the WOW token could burn it and, in exchange, earn the right to ""unlock"" a DOGE on Dogecoin. We describe an efficient, trustless, and retrofitting Dogethereum construction which requires no fork but rather employs economic collateral to achieve a ""lock"" operation in Dogecoin. The protocol relies on bulletproofs, Truebit, and parametrized tokens to efficiently and trustlessly relay events from the ""true"" Dogecoin blockchain into Ethereum. The present construction not only enables cross-platform exchange but also allows Ethereum smart contracts to trustlessly access Dogecoin. A similar technique adds Ethereum-based smart contracts to Bitcoin and Bitcoin data to Ethereum smart contracts.",Jason Teutsch; Michael Straka; Dan Boneh,https://arxiv.org/abs/1908.03999,
arxiv,"Metaverse Communications, Networking, Security, and Applications: Research Issues, State-of-the-Art, and Future Directions",2022,arXiv,,2212.13993,"Metaverse is an evolving orchestrator of the next-generation Internet architecture that produces an immersive and self-adapting virtual world in which humans perform activities similar to those in the real world, such as playing sports, doing work, and socializing. It is becoming a reality and is driven by ever-evolving advanced technologies such as extended reality, artificial intelligence, and blockchain. In this context, Metaverse will play an essential role in developing smart cities, which becomes more evident in the post COVID 19 pandemic metropolitan setting. However, the new paradigm imposes new challenges, such as developing novel privacy and security threats that can emerge in the digital Metaverse ecosystem. Moreover, it requires the convergence of several media types with the capability to quickly process massive amounts of data to keep the residents safe and well-informed, which can raise issues related to scalability and interoperability. In light of this, this research study aims to review the literature on the state of the art of integrating the Metaverse architecture concepts in smart cities. First, this paper presents the theoretical architecture of Metaverse and discusses international companies interest in this emerging technology. It also examines the notion of Metaverse relevant to virtual reality, identifies the prevalent threats, and determines the importance of communication infrastructure in information gathering for efficient Metaverse operation. Next, the notion of blockchain technologies is discussed regarding privacy preservation and how it can provide tamper-proof content sharing among Metaverse users. Finally, the application of distributed Metaverse for social good is highlighted.",Mansoor Ali; Faisal Naeem; Georges Kaddoum; Ekram Hossain,https://arxiv.org/abs/2212.13993,
arxiv,LiquiLM: Bridging the Semantic Gap in Liquidity Flaw Audit via DCN and LLMs,2026,arXiv,,2604.03860,"Traditional consensus mechanisms, such as Proof of Stake (PoS), increasingly reveal an excessive dependency on large liquidity providers. Although the Proof of Liquidity (PoL) mechanism serves as a critical paradigm for incentivizing sustained liquidity provision and ensuring market stability, its transition from asset staking to active liquidity management significantly increases the complexity of underlying smart contract economic models and interaction logic. This renders hidden liquidity logic flaws difficult to detect via traditional methods, seriously threatening the system stability and user asset security of mainstream DeFi and emerging PoL ecosystems. To address this, we propose the LiquiLM framework, which integrates Large Language Models (LLMs) with a Dynamic Co-Attention Network (DCN). By establishing a dynamic interaction between liquidity-critical contracts and flaw descriptions, the framework effectively bridges the semantic gap between underlying code implementations and high-level liquidity intents. We evaluate the performance of LiquiLM on 1,490 validation contracts (covering precision, recall, specificity, and F1-score). The results show that it achieves significant effectiveness in auditing and explaining liquidity flaws: in experiments using Gemini 3 Pro and GPT-4o as backbone models, respectively, the F1-scores both exceed 90%. Furthermore, through an in-depth audit of 1,380 real-world PoL and Ethereum economic contracts, LiquiLM successfully identifies 238 high-risk contracts and assists in discovering 10 vulnerabilities that have received CVE certification.",Zekai Liu; Xiaoqi Li; Wenkai Li; Zongwei Li,https://arxiv.org/abs/2604.03860,
arxiv,EMRs with Blockchain : A distributed democratised Electronic Medical Record sharing platform,2020,arXiv,,2012.05141,"Medical data sharing needs to be done with the utmost respect for privacy and security. It contains intimate data of the patient and any access to it must be highly regulated. With the emergence of vertical solutions in healthcare institutions, interoperability across organisations has been hindered. The authors of this paper propose a blockchain based medical-data sharing solution, utilising Hyperledger Fabric to regulate access to medical data, and using the InterPlanatory File System for its storage. We believe that the combination of these two distributed solutions can enable patients to access their medical records across healthcare institutions while ensuring non-repudiation, immutability and providing data-ownership. It would enable healthcare practitioners to access all previous medical records in a single location, empowering them with the data required for the effective diagnosis and treatment of patients. Making it safe and straightforward, it would also enable patients to share medical data with research institutions, leading to the creation of reliable data sets, laying the groundwork required for the creation of personalised medicine.",Sanket Shevkar; Parthit Patel; Saptarshi Majumder; Harshita Singh; Kshitijaa Jaglan; Hrithwik Shalu,https://arxiv.org/abs/2012.05141,
arxiv,Kaya: A Testing Framework for Blockchain-based Decentralized Applications,2020,arXiv,,2006.01476,"In recent years, many decentralized applications based on blockchain (DApp) have been developed. However, due to inadequate testing, DApps are easily exposed to serious vulnerabilities. We find three main challenges for DApp testing, i.e., the inherent complexity of DApp, inconvenient pre-state setting, and not-so-readable logs. In this paper, we propose a testing framework named Kaya to bridge these gaps. Kaya has three main functions. Firstly, Kaya proposes DApp behavior description language (DBDL) to make writing test cases easier. Test cases written in DBDL can also be automatically executed by Kaya. Secondly, Kaya supports a flexible and convenient way for test engineers to set the blockchain pre-states easily. Thirdly, Kaya transforms incomprehensible addresses into readable variables for easy comprehension. With these functions, Kaya can help test engineers test DApps more easily. Besides, to fit the various application environments, we provide two ways for test engineers to use Kaya, i.e., UI and command-line. Our experimental case demonstrates the potential of Kaya in helping test engineers to test DApps more easily.",Zhenhao Wu; Jiashuo Zhang; Jianbo Gao; Yue Li; Qingshan Li; Zhi Guan; Zhong Chen,https://arxiv.org/abs/2006.01476,
arxiv,Free-Riding the Agentic Web: A Systematic Security Analysis of x402 Payments,2026,arXiv,,2605.30998,"The x402 protocol has crossed from prototype to infrastructure for the agentic web, driving 130 million all-time transactions and embedded in Google Cloud, Cloudflare, and Stripe. Yet bridging synchronous HTTP requests with asynchronous blockchain finality creates state-synchronization challenges, and x402's security has so far been examined only in piecemeal vendor disclosures. It is moreover not one artefact but a stack of an HTTP semantic, per-chain schemes, and a long tail of SDK and deployment choices whose required guarantees prior work has not established. We perform a systematic security analysis organized around five invariants grounded in specifications, literature, and vendor expectations, resolving every violation to the responsible layer. We identify four flaw classes: cross-resource substitution, duplicate-settlement race (independently corroborated by subsequent third-party reports), allowance overdraft, and denial of settlement. Against official SDKs and a production deployment, these reach resource-leakage ratios up to 100%. For pay-per-token scheme we prove a structural limit: no output-only pricing can be both fair to honest users and bounded against inflation of the hidden ""thinking"" tokens, the price of fairness being a $\sqrt{1+Θ}$ manipulation gap. We propose per-flaw mitigations and a defense triple with provable guarantees, cutting per-call reasoning cost by 47% and inverting attacker leverage from 8.7$\times$ to 0.9$\times$ at only 2.8% overhead. All findings have been disclosed.",Shengchen Ling; Yihang Huang; Yuefeng Du; Yuan Chen; Yajin Zhou; Lei Wu; Cong Wang,https://arxiv.org/abs/2605.30998,
arxiv,SendingNetwork: Advancing the Future of Decentralized Messaging Networks,2024,arXiv,,2401.09102,"In the evolving landscape of Internet technologies, where decentralized systems, especially blockchain-based computation and storage like Ethereum Virtual Machine (EVM), Arweave, and IPFS, are gaining prominence, there remains a stark absence of a holistic decentralized communication framework. This gap underlines the pressing necessity for a protocol that not only enables seamless cross-platform messaging but also allows direct messaging to wallet addresses, fostering interoperability and privacy across diverse platforms. SendingNetwork addresses this need by creating a reliable and secure decentralized communication network, targeting essential challenges like privacy protection, scalability, efficiency, and composability. Central to our approach is the incorporation of edge computing to form an adaptive relay network with the modular libp2p library. We introduce a dynamic group chat encryption mechanism based on the Double Ratchet algorithm for secure communication and propose a Delegation scheme for efficient message processing in large group chats, enhancing both resilience and scalability. Our theoretical analyses affirm the Delegation scheme's superior performance. To bolster system stability and encourage node participation, we integrate two innovative consensus mechanisms: ""Proof of Relay"" for validating message relay workload based on the novel KZG commitment, and ""Proof of Availability"" for ensuring network consistency and managing incentives through Verkle trees. Our whitepaper details the network's key components and architecture, concluding with a roadmap and a preview of future enhancements to SendingNetwork.",Mason Yeung,https://arxiv.org/abs/2401.09102,
arxiv,A Blockchain-as-a-Service Solution for TAFES-Compliant Verification of Fair Trade Certifications,2026,arXiv,,2605.04600,"\abstract{\textbf{Purpose:} This study addresses the lack of trust in ethical product labels by designing a blockchain platform grounded in the TAFES principles (Transparency, Accountability, Fairness, Ethics, Safety). It aims to bridge the gap between blockchain's theoretical transparency and a responsible, real-world implementation for certification ecosystems. \textbf{Design/Methodology/Approach:} Using Action Design Research, we developed a proof-of-concept platform for label authentication. A hybrid architecture records critical events on an Ethereum Layer-2 network for security, while supporting evidence is stored off-chain via IPFS and linked via content identifiers. The solution was validated through a coffee supply chain scenario. \textbf{Findings:} The proof of concept demonstrates how a TAFES-aligned blockchain platform can support verification of label claims without requiring trust in a single intermediary by creating tamper-evident provenance records and auditable certification evidence across multiple stakeholders. The design supports low-cost, near-real-time anchoring of supply chain events while mitigating adoption barriers related to scalability, privacy, and operational viability. \textbf{Originality/Value:} This research contributes an integrated ethical and technical blueprint for trustworthy label authentication systems by translating TAFES into implementable design requirements and evaluation checks, and validating them through an ADR driven proof of concept. It advances prior work by moving from the question of whether blockchain can help to the question of how it should be implemented responsibly in multi stakeholder certification ecosystems.}",Nadia Dahmani; Peihao Li; Ravi S. Sharma,https://arxiv.org/abs/2605.04600,
arxiv,TFHE-Coder: Evaluating LLM-agentic Fully Homomorphic Encryption Code Generation,2025,arXiv,,2503.12217,"Fully Homomorphic Encryption over the torus (TFHE) enables computation on encrypted data without decryption, making it a cornerstone of secure and confidential computing. Despite its potential in privacy preserving machine learning, secure multi party computation, private blockchain transactions, and secure medical diagnostics, its adoption remains limited due to cryptographic complexity and usability challenges. While various TFHE libraries and compilers exist, practical code generation remains a hurdle. We propose a compiler integrated framework to evaluate LLM inference and agentic optimization for TFHE code generation, focusing on logic gates and ReLU activation. Our methodology assesses error rates, compilability, and structural similarity across open and closedsource LLMs. Results highlight significant limitations in off-the-shelf models, while agentic optimizations such as retrieval augmented generation (RAG) and few-shot prompting reduce errors and enhance code fidelity. This work establishes the first benchmark for TFHE code generation, demonstrating how LLMs, when augmented with domain-specific feedback, can bridge the expertise gap in FHE code generation.",Mayank Kumar; Jiaqi Xue; Mengxin Zheng; Qian Lou,https://arxiv.org/abs/2503.12217,
arxiv,BeepTrace: Blockchain-enabled Privacy-preserving Contact Tracing for COVID-19 Pandemic and Beyond,2020,arXiv,10.1109/jiot.2020.3025953,2005.10103,"The outbreak of COVID-19 pandemic has exposed an urgent need for effective contact tracing solutions through mobile phone applications to prevent the infection from spreading further. However, due to the nature of contact tracing, public concern on privacy issues has been a bottleneck to the existing solutions, which is significantly affecting the uptake of contact tracing applications across the globe. In this paper, we present a blockchain-enabled privacy-preserving contact tracing scheme: BeepTrace, where we propose to adopt blockchain bridging the user/patient and the authorized solvers to desensitize the user ID and location information. Compared with recently proposed contract tracing solutions, our approach shows higher security and privacy with the additional advantages of being battery friendly and globally accessible. Results show viability in terms of the required resource at both server and mobile phone perspectives. Through breaking the privacy concerns of the public, the proposed BeepTrace solution can provide a timely framework for authorities, companies, software developers and researchers to fast develop and deploy effective digital contact tracing applications, to conquer COVID-19 pandemic soon. Meanwhile, the open initiative of BeepTrace allows worldwide collaborations, integrate existing tracing and positioning solutions with the help of blockchain technology.",Hao Xu; Lei Zhang; Oluwakayode Onireti; Yang Fang; William Bill Buchanan; Muhammad Ali Imran,https://arxiv.org/abs/2005.10103,
arxiv,DHP Framework: Digital Health Passports Using Blockchain -- Use case on international tourism during the COVID-19 pandemic,2020,arXiv,10.1111/j.1365-2966.2005.08922.x,2005.08922,"In order to contain the COVID-19 pandemic, several countries enforced extended social distancing measures for several weeks, effectively pausing the majority of economic activities. In an effort to resume economic activity safely, several Digital Contact Tracing applications and protocols have been introduced with success. However, DCT is a reactive method, as it aims to break existing chains of disease transmission in a population. Therefore DCT is not suitable for proactively preventing the spread of a disease; an approach that relevant to certain use cases, such as international tourism, where individuals travel across borders. In this work, we first identify the limitations characterising DCT related to privacy issues, unwillingness of the public to use DCT mobile apps due to privacy concerns, lack of interoperability among different DCT applications and protocols, and the assumption that there is limited, local mobility in the population. We then discuss the concept of a Health Passport as a means of verifying that individuals are disease risk-free and how it could be used to resume the international tourism sector. Following, we present the DHP Framework that uses a private blockchain and Proof of Authority for issuing Digital Health Passports. The framework provides a distributed infrastructure supporting the issuance of DHPs by foreign health systems and their verification by relevant stakeholders, such as airline companies and border control authorities. We discuss the attributes of the system in terms of its usability and performance, security and privacy. Finally, we conclude by identifying future extensions of our work on formal security and privacy properties that need to be rigorously guaranteed via appropriate security protocols.",Constantinos Marios Angelopoulos; Amalia Damianou; Vasilios Katos,https://arxiv.org/abs/2005.08922,
arxiv,Can Blockchains Reliably Train Machine Learning Models?,2023,arXiv,,2307.07066,"Large proof of work (PoW) networks allow anyone to earn rewards by running computation-intensive hash puzzles for profit, yet they typically consume electricity comparable to that of medium-sized countries. Repurposing computing resources from hash puzzles to machine learning training can benefit the energy sector as a whole, since this computing power is no longer wasted on solving hash puzzles but is instead used to train machine learning models that provide value across different application domains. However, major technical gaps currently prevent this integration. To bridge these gaps, we introduce proof of training (PoT), a protocol that directs mining power toward verifiable training of machine learning models while preserving PoW's incentives for participation and growth. We study PoT by theoretically identifying the blockchain structure that best meets the goals of training reliability, security, and scalability, and we further evaluate it by implementing a decentralized training network. Our results indicate considerable potential, including high task throughput, strong robustness, and improved network security.",Peihao Li; Nadia Dahmani,https://arxiv.org/abs/2307.07066,
arxiv,EDGChain-E: A Decentralized Git-Based Framework for Versioning Encrypted Energy Data,2025,arXiv,,2507.01615,"This paper proposes a new decentralized framework, named EDGChain-E (Encrypted-Data-Git Chain for Energy), designed to manage version-controlled, encrypted energy data using blockchain and the InterPlanetary File System. The framework incorporates a Decentralized Autonomous Organization (DAO) to orchestrate collaborative data governance across the lifecycle of energy research and operations, such as smart grid monitoring, demand forecasting, and peer-to-peer energy trading. In EDGChain-E, initial commits capture the full encrypted datasets-such as smart meter readings or grid telemetry-while subsequent updates are tracked as encrypted Git patches, ensuring integrity, traceability, and privacy. This versioning mechanism supports secure collaboration across multiple stakeholders (e.g., utilities, researchers, regulators) without compromising sensitive or regulated information. We highlight the framework's capability to maintain FAIR-compliant (Findable, Accessible, Interoperable, Reusable) provenance of encrypted data. By embedding hash-based content identifiers in Merkle trees, the system enables transparent, auditable, and immutable tracking of data changes, thereby supporting reproducibility and trust in decentralized energy applications.",Alper Alimoglu; Kamil Erdayandi; Mustafa A. Mustafa; Ümit Cali,https://arxiv.org/abs/2507.01615,
arxiv,SINA - Smart Interoperability Architecture An architecture fostering the interoperability between smart building technology from different manufacturers and smart grid infrastructure to enable new business models for energy services,2021,arXiv,,2108.06410,"More and more household appliances connect to the Internet and exchange data freely. This is the foundation for true smart buildings. However, there is still no uniform communication technology available, which can connect all appliances from all vendors. Protocols differ between manufacturers making interoperability difficult or even impossible. Manufacturers cannot rely on a reference for the implementation and real estate developers and operators are reluctant to commit to a system until it is clear which one will prevail. A similar situation is evident in smart grids and applies equally to the energy supply industry. This fragmentation ultimately leads to missed opportunities in terms of business models which could connect customers with service providers. We present a first draft of an architecture: SINA - Smart Interoperability Architecture. SINA is based on existing decentralized infrastructure, which avoids creating a dependency of the market participants on an overpowering service provider. The core element of the technical solution is an open-source module integrated in the private clouds of the manufacturers, energy suppliers and service providers. The architecture addresses problems of data ownership, privacy and data security avoiding central administrative structures. It manages data access and transfer in a decentralized and distributed system. SINA uses a blockchain and smart contracts to make sure that the pieces of information about which data are accessed, by whom they are accessed, how they are processed, and which monetary transactions take place are immutably stored and made available. This allows providers to offer services to users in a transparent and trustworthy manner. Finally, SINA includes a matchmaking block which helps service providers find potential customers and vice versa. This set of features makes SINA unique.",Andreas Rumsch; Christoph Imboden; Alberto Calatroni; Martin Camenzind; Edith Birrer; Andrew Paice,https://arxiv.org/abs/2108.06410,
arxiv,Stake Your Claim: Zero-Trust Validator Deployment Leveraging NFTs and Smart Contracts in Proof-of-Stake Networks,2023,arXiv,,2308.01158,"We present a novel method for a multi-party, zero-trust validator infrastructure deployment arrangement via smart contracts to secure Proof-of-Stake (PoS) blockchains. The proposed arrangement architecture employs a combination of non-fungible tokens (NFTs), a treasury contract, and validator smart contract wallets to facilitate trustless participation in staking mechanisms. The NFT minting process allows depositors to exchange their capital for an NFT representing their stake in a validator, while the treasury contract manages the registry of NFT holders and handles rewards distribution. Validator smart contract wallets are employed to create a trustless connection between the validator operator and the treasury, enabling autonomous staking and unstaking processes based on predefined conditions. In addition, the proposed system incorporates protection mechanisms for depositors, such as triggered exits in case of non-payment of rewards and a penalty payout from the validator operator. The arrangement benefits from the extensibility and interoperability of web3 technologies, with potential applications in the broader digital ecosystem. This zero-trust staking mechanism aims to serve users who desire increased privacy, trust, and flexibility in managing their digital wealth, while promoting greater decentralization and transparency in the PoS ecosystem.",Scott Seidenberger; Alec Sokol; Anindya Maiti,https://arxiv.org/abs/2308.01158,
arxiv,Need of 6G for the Metaverse Realization,2022,arXiv,,2301.03386,"The concept of the Metaverse aims to bring a fully-fledged extended reality environment to provide next generation applications and services. Development of the Metaverse is backed by many technologies, including, 5G, artificial intelligence, edge computing and extended reality. The advent of 6G is envisaged to mark a significant milestone in the development of the Metaverse, facilitating near-zero-latency, a plethora of new services and upgraded real-world infrastructure. This paper establishes the advantages of providing the Metaverse services over 6G along with an overview of the demanded technical requirements. The paper provides an insight to the concepts of the Metaverse and the envisaged technical capabilities of 6G mobile networks. Then, the technical aspects covering 6G for the development of the Metaverse, ranging from validating digital assets, interoperability, and efficient user interaction in the Metaverse to related security and privacy aspects are elaborated. Subsequently, the role of 6G technologies towards enabling the Metaverse, including artificial intelligence, blockchain, open radio access networks, edge computing, cloudification and internet of everything. The paper also presents 6G integration challenges and outlines ongoing projects towards developing the Metaverse technologies to facilitate the Metaverse applications and services.",Bartlomiej Siniarski; Chamitha De Alwis; Gokul Yenduri; Thien Huynh-The; GÜrkan GÜr; Thippa Reddy Gadekallu; Madhusanka Liyanage,https://arxiv.org/abs/2301.03386,
arxiv,Binding Agent ID: Unleashing the Power of AI Agents with accountability and credibility,2025,arXiv,,2512.17538,"Autonomous AI agents lack traceable accountability mechanisms, creating a fundamental dilemma where systems must either operate as ``downgraded tools'' or risk real-world abuse. This vulnerability stems from the limitations of traditional key-based authentication, which guarantees neither the operator's physical identity nor the agent's code integrity. To bridge this gap, we propose BAID (Binding Agent ID), a comprehensive identity infrastructure establishing verifiable user-code binding. BAID integrates three orthogonal mechanisms: local binding via biometric authentication, decentralized on-chain identity management, and a novel zkVM-based Code-Level Authentication protocol. By leveraging recursive proofs to treat the program binary as the identity, this protocol provides cryptographic guarantees for operator identity, agent configuration integrity, and complete execution provenance, thereby effectively preventing unauthorized operation and code substitution. We implement and evaluate a complete prototype system, demonstrating the practical feasibility of blockchain-based identity management and zkVM-based authentication protocol.",Zibin Lin; Shengli Zhang; Guofu Liao; Dacheng Tao; Taotao Wang,https://arxiv.org/abs/2512.17538,
arxiv,BRIDGE: Budget-aware Reasoning via Intermediate Distillation with Guided Examples,2025,arXiv,,2512.20403,"Distilling knowledge from large proprietary models (e.g., GPT-4) to tiny deployable models (less than 1B parameters) faces a critical capacity-budget trap: the 1000x capacity gap between teachers and students prevents effective direct transfer, while API costs prohibit extensive data collection. We introduce BRIDGE (Budget-Aware Reasoning via Intermediate Distillation), a two-phase framework that resolves these constraints through strategic intermediation and budget asymmetry. In Phase 1, a mid-sized Teacher Assistant (TA; e.g., about 7B) learns from the black-box teacher on a strictly limited subset of data (e.g., 3-5%), selected via a zero-API-cost pipeline that balances entropic difficulty and semantic diversity using only local TA inference. In Phase 2, we exploit this asymmetry-teacher queries are expensive, whereas TA inference is free to amplify supervision: the refined TA generates synthetic rationales for the full dataset to train the tiny student. Crucially, we apply an instruction-tuning curriculum to establish behavioral alignment in the tiny student before transferring reasoning. Our theoretical analysis shows that BRIDGE yields tighter generalization bounds than direct distillation when data is abundant. Experiments across medical, legal, and financial benchmarks demonstrate consistent improvements: BRIDGE delivers student performance gains of 28-41%, closing the capability gap with proprietary teachers by 12-16% while using 10x fewer teacher queries. Notably, BRIDGE defies the conventional cost-performance frontier, surpassing direct distillation baselines that use 100% of the budget while consuming only 5% of the resources.",Xuan-An Le; Minh-Nam Tran; Son Nguyen,https://arxiv.org/abs/2512.20403,
arxiv,Secure User-friendly Blockchain Modular Wallet Design Using Android & OP-TEE,2025,arXiv,,2506.17988,"Emerging crypto economies still hemorrhage digital assets because legacy wallets leak private keys at almost every layer of the software stack, from user-space libraries to kernel memory dumps. This paper solves that twin crisis of security and interoperability by re-imagining key management as a platform-level service anchored in ARM TrustZone through OP-TEE. Our architecture fractures the traditional monolithic Trusted Application into per-chain modules housed in a multi-tenant TA store, finally breaking OP-TEE's single-binary ceiling. A cryptographically sealed firmware-over-the-air pipeline welds each TA set to an Android system image, enabling hot-swap updates while Verified Boot enforces rollback protection. Every package carries a chained signature developer first, registry second so even a compromised supply chain cannot smuggle malicious code past the Secure World's RSA-PSS gatekeeper. Inside the TEE, strict inter-TA isolation, cache partitioning, and GP-compliant crypto APIs ensure secrets never bleed across trust boundaries or timing domains. The Rich Execution Environment can interact only via hardware-mediated Secure Monitor Calls, collapsing the surface exposed to malware in Android space. End-users enjoy a single polished interface yet can install or retire Bitcoin, Ethereum, Solana, or tomorrow's chain with one tap, shrinking both storage footprint and audit scope. For auditors, the composition model slashes duplicated verification effort by quarantining blockchain logic inside narrowly scoped modules that share formally specified interfaces. Our threat analysis spans six adversary layers and shows how the design neutralizes REE malware sniffing, OTA injection, and cross-module side channels without exotic hardware. A reference implementation on AOSP exports a Wallet Manager HAL, custom SELinux domains, and a CI/CD pipeline that vet community modules before release. The result is not merely another hardware wallet but a programmable substrate that can evolve at the velocity of the blockchain ecosystem. By welding radical extensibility to hardware-anchored assurance, the platform closes the security-usability gap that has long stymied mass-market self-custody. We posit that modular TEEs are the missing OS primitive for Web3, much as virtual memory unlocked multi-tasking in classical computing. Together, these contributions sketch a blueprint for multi-chain asset management that is auditable, resilient, and poised for global deployment.",Seongjin Kim; Sanguk Yun; Jungho Jang,https://arxiv.org/abs/2506.17988,
arxiv,ZONIA: a Zero-Trust Oracle System for Blockchain IoT Applications,2024,arXiv,10.1109/jiot.2025.3591301,2410.10532,"The rapid expansion of the Internet of Things (IoT) has led to significant data reliability and system transparency challenges, aggravated by the centralized nature of existing IoT architectures. This centralization often results in siloed data ecosystems, where interoperability issues and opaque data handling practices compromise both the utility and trustworthiness of IoT applications. To address these issues, we introduce ZONIA (Zero-trust Oracle Network for IoT Applications), a novel blockchain oracle system designed to enhance data integrity and decentralization in IoT environments. Unlike traditional approaches that rely on Trusted Execution Environments and centralized data sources, ZONIA utilizes a decentralized, zero-trust model that allows for anonymous participation and integrates multiple data sources to ensure fairness and reliability. This paper outlines ZONIA's architecture, which supports semantic and geospatial queries, details its data reliability mechanisms, and presents a comprehensive evaluation demonstrating its scalability and resilience against data falsification and collusion attacks. Both analytical and experimental results demonstrate ZONIA's scalability, showcasing its feasibility to handle an increasing number of nodes in the system under different system conditions and workloads. Furthermore, the implemented reputation mechanism significantly enhances data accuracy, maintaining high reliability even when 40\% of nodes exhibit malicious behavior.",Lorenzo Gigli; Ivan Zyrianoff; Federico Montori; Luca Sciullo; Carlos Kamienski; Marco Di Felice,https://arxiv.org/abs/2410.10532,
arxiv,Trust in Software Supply Chains: Blockchain-Enabled SBOM and the AIBOM Future,2023,arXiv,,2307.02088,"The robustness of critical infrastructure systems is contingent upon the integrity and transparency of their software supply chains. A Software Bill of Materials (SBOM) is pivotal in this regard, offering an exhaustive inventory of components and dependencies crucial to software development. However, prevalent challenges in SBOM sharing, such as data tampering risks and vendors' reluctance to fully disclose sensitive information, significantly hinder its effective implementation. These challenges pose a notable threat to the security of critical infrastructure and systems where transparency and trust are paramount, underscoring the need for a more secure and flexible mechanism for SBOM sharing. To bridge the gap, this study introduces a blockchain-empowered architecture for SBOM sharing, leveraging verifiable credentials to allow for selective disclosure. This strategy not only heightens security but also offers flexibility. Furthermore, this paper broadens the remit of SBOM to encompass AI systems, thereby coining the term AI Bill of Materials (AIBOM). The advent of AI and its application in critical infrastructure necessitates a nuanced understanding of AI software components, including their origins and interdependencies. The evaluation of our solution indicates the feasibility and flexibility of the proposed SBOM sharing mechanism, positing a solution for safeguarding (AI) software supply chains, which is essential for the resilience and reliability of modern critical infrastructure systems.",Boming Xia; Dawen Zhang; Yue Liu; Qinghua Lu; Zhenchang Xing; Liming Zhu,https://arxiv.org/abs/2307.02088,
arxiv,Probabilistic Atomic Swaps for Bitcoin and Friends,2026,arXiv,,2605.04975,"Atomic swaps are a fundamental primitive for the trustless exchange of digital assets across blockchains: they guarantee that either both parties receive the agreed assets or neither party transfers. While this all-or-nothing guarantee is powerful, it also imposes an inherent determinism that rules out exchanges whose intended outcome is probabilistic. As a result, existing atomic swaps cannot realize trustless exchanges in which one party pays for a fixed chance of receiving a larger asset or reward, as in lotteries, randomized allocation mechanisms, and probabilistic cross-chain trades. We introduce probabilistic swaps, a new cryptographic primitive that extends atomic swaps to the probabilistic setting. In a probabilistic swap, one party's transfer is executed with a fixed, publicly specified probability embedded in the protocol and cannot be biased by either party. This yields a trustless mechanism for randomized exchange with verifiable odds and no trusted intermediary. Our construction combines adaptor signatures with oblivious pseudorandom functions (OPRFs) to realize the desired probabilistic outcome while ensuring that neither party can predict or bias it in advance. Along the way, we introduce a new mechanism for the atomic exchange of OPRF evaluations for payments, which may be of independent interest. A key feature of our approach is that it preserves the minimal on-chain footprint of modern atomic-swap protocols. The protocol relies only on standard Bitcoin scripts, such as digital signatures and timelocks, and is deployable on any blockchain that already supports atomic swaps. Consequently, probabilistic swaps are indistinguishable from ordinary on-chain transactions, which helps preserve privacy and fungibility. We provide formal security foundations and demonstrate practicality through a probabilistic swap in the Bitcoin testnet and in the Lightning Network.",Paul Gerhart; Jay Taylor; Sri Aravinda Krishnan Thyagarajan,https://arxiv.org/abs/2605.04975,
arxiv,Enabling Bitcoin Smart Contracts on the Internet Computer,2025,arXiv,10.1109/icdcs63083.2025.00039,2506.21327,"There is growing interest in providing programmatic access to the value locked in Bitcoin, which famously offers limited programmability itself. Various approaches have been put forth in recent years, with the vast majority of proposed mechanisms either building new functionality on top of Bitcoin or leveraging a bridging mechanism to enable smart contracts that make use of ``wrapped'' bitcoins on entirely different platforms. In this work, an architecture is presented that follows a different approach. The architecture enables the execution of Turing-complete Bitcoin smart contracts on the Internet Computer (IC), a blockchain platform for hosting and executing decentralized applications. Instead of using a bridge, IC and Bitcoin nodes interact directly, eliminating potential security risks that the use of a bridge entails. This integration requires novel concepts, in particular to reconcile the probabilistic nature of Bitcoin with the irreversibility of finalized state changes on the IC, which may be of independent interest. In addition to the presentation of the architecture, we provide evaluation results based on measurements of the Bitcoin integration running on mainnet. The evaluation results demonstrate that, with finalization in a few seconds and low execution costs, this integration enables complex Bitcoin-based decentralized applications that were not practically feasible or economically viable before.",Ryan Croote; Islam El-Ashi; Thomas Locher; Yvonne-Anne Pignolet,https://arxiv.org/abs/2506.21327,
arxiv,Low-latency Federated Learning and Blockchain for Edge Association in Digital Twin empowered 6G Networks,2020,arXiv,10.1109/tii.2020.3017668,2011.09902,"Emerging technologies such as digital twins and 6th Generation mobile networks (6G) have accelerated the realization of edge intelligence in Industrial Internet of Things (IIoT). The integration of digital twin and 6G bridges the physical system with digital space and enables robust instant wireless connectivity. With increasing concerns on data privacy, federated learning has been regarded as a promising solution for deploying distributed data processing and learning in wireless networks. However, unreliable communication channels, limited resources, and lack of trust among users, hinder the effective application of federated learning in IIoT. In this paper, we introduce the Digital Twin Wireless Networks (DTWN) by incorporating digital twins into wireless networks, to migrate real-time data processing and computation to the edge plane. Then, we propose a blockchain empowered federated learning framework running in the DTWN for collaborative computing, which improves the reliability and security of the system, and enhances data privacy. Moreover, to balance the learning accuracy and time cost of the proposed scheme, we formulate an optimization problem for edge association by jointly considering digital twin association, training data batch size, and bandwidth allocation. We exploit multi-agent reinforcement learning to find an optimal solution to the problem. Numerical results on real-world dataset show that the proposed scheme yields improved efficiency and reduced cost compared to benchmark learning method.",Yunlong Lu; Xiaohong Huang; Ke Zhang; Sabita Maharjan; Yan Zhang,https://arxiv.org/abs/2011.09902,
arxiv,Atomic cross-chain exchanges of shared assets,2022,arXiv,10.1145/3558535.3559786,2202.12855,"A core enabler for blockchain or DLT interoperability is the ability to atomically exchange assets held by mutually untrusting owners on different ledgers. This atomic swap problem has been well-studied, with the Hash Time Locked Contract (HTLC) emerging as a canonical solution. HTLC ensures atomicity of exchange, albeit with caveats for node failure and timeliness of claims. But a bigger limitation of HTLC is that it only applies to a model consisting of two adversarial parties having sole ownership of a single asset in each ledger. Realistic extensions of the model in which assets may be jointly owned by multiple parties, all of whose consents are required for exchanges, or where multiple assets must be exchanged for one, are susceptible to collusion attacks and hence cannot be handled by HTLC. In this paper, we generalize the model of asset exchanges across DLT networks and present a taxonomy of use cases, describe the threat model, and propose MPHTLC, an augmented HTLC protocol for atomic multi-owner-and-asset exchanges. We analyze the correctness, safety, and application scope of MPHTLC. As proof-of-concept, we show how MPHTLC primitives can be implemented in networks built on Hyperledger Fabric and Corda, and how MPHTLC can be implemented in the Hyperledger Labs Weaver framework by augmenting its existing HTLC protocol.",Krishnasuri Narayanam; Venkatraman Ramakrishna; Dhinakaran Vinayagamurthy; Sandeep Nishad,https://arxiv.org/abs/2202.12855,
arxiv,Optimizing Virtual Payment Channel Establishment in the Face of On-Path Adversaries,2020,arXiv,,2011.14341,"Payment channel networks (PCNs) are among the most promising solutions to the scalability issues in permissionless blockchains, by allowing parties to pay each other off-chain through a path of payment channels (PCs). However, routing transactions comes at a cost which is proportional to the number of intermediaries, since each charges a fee for the routing service. Furthermore, analogous to other networks, malicious intermediaries in the payment path can lead to security and privacy threats. Virtual channels (VCs), i.e., bridges over PC paths, mitigate the above PCN issues, as an intermediary participates only once to set up the VC and is then excluded from every future VC transaction. However, similar to PCs, creating a VC has a cost that must be paid out of the bridged PCs' balance. Currently, we are missing guidelines to where and how many VCs to set up. Ideally, VCs should minimize transaction costs while mitigating security and privacy threats from on-path adversaries. In this work, we address for the first time the VC setup problem, formalizing it as an optimization problem. We present an integer linear program (ILP) to compute the globally optimal VC setup strategy in terms of transaction costs, security, and privacy. We then accompany the computationally heavy ILP with a fast local greedy algorithm. Our model and algorithms can be used with any on-path adversary, given that its strategy can be expressed as a set of corrupted nodes that is estimated by the honest nodes. We conduct an evaluation of the greedy algorithm over a snapshot of the Lightning Network (LN), the largest Bitcoin-based PCN. Our results confirm on real-world data that our greedy strategy minimizes costs while protecting against security and privacy threats of on-path adversaries. These findings may serve the LN community as guidelines for the deployment of VCs.",Lukas Aumayr; Esra Ceylan; Yannik Kopyciok; Matteo Maffei; Pedro Moreno-Sanchez; Iosif Salem; Stefan Schmid,https://arxiv.org/abs/2011.14341,
arxiv,"Industrial Metaverse: Enabling Technologies, Open Problems, and Future Trends",2024,arXiv,,2405.08542,"As an emerging technology that enables seamless integration between the physical and virtual worlds, the Metaverse has great potential to be deployed in the industrial production field with the development of extended reality (XR) and next-generation communication networks. This deployment, called the Industrial Metaverse, is used for product design, production operations, industrial quality inspection, and product testing. However, there lacks of in-depth understanding of the enabling technologies associated with the Industrial Metaverse. This encompasses both the precise industrial scenarios targeted by each technology and the potential migration of technologies developed in other domains to the industrial sector. Driven by this issue, in this article, we conduct a comprehensive survey of the state-of-the-art literature on the Industrial Metaverse. Specifically, we first analyze the advantages of the Metaverse for industrial production. Then, we review a collection of key enabling technologies of the Industrial Metaverse, including blockchain (BC), digital twin (DT), 6G, XR, and artificial intelligence (AI), and analyze how these technologies can support different aspects of industrial production. Subsequently, we present numerous formidable challenges encountered within the Industrial Metaverse, including confidentiality and security concerns, resource limitations, and interoperability constraints. Furthermore, we investigate the extant solutions devised to address them. Finally, we briefly outline several open issues and future research directions of the Industrial Metaverse.",Shiying Zhang; Jun Li; Long Shi; Ming Ding; Dinh C. Nguyen; Wen Chen; Zhu Han,https://arxiv.org/abs/2405.08542,
arxiv,Blockchain-based Federated Learning for Industrial Metaverses: Incentive Scheme with Optimal AoI,2022,arXiv,,2206.07384,"The emerging industrial metaverses realize the mapping and expanding operations of physical industry into virtual space for significantly upgrading intelligent manufacturing. The industrial metaverses obtain data from various production and operation lines by Industrial Internet of Things (IIoT), and thus conduct effective data analysis and decision-making, thereby enhancing the production efficiency of the physical space, reducing operating costs, and maximizing commercial value. However, there still exist bottlenecks when integrating metaverses into IIoT, such as the privacy leakage of sensitive data with commercial secrets, IIoT sensing data freshness, and incentives for sharing these data. In this paper, we design a user-defined privacy-preserving framework with decentralized federated learning for the industrial metaverses. To further improve privacy protection of industrial metaverse, a cross-chain empowered federated learning framework is further utilized to perform decentralized, secure, and privacy-preserving data training on both physical and virtual spaces through a hierarchical blockchain architecture with a main chain and multiple subchains. Moreover, we introduce the age of information as the data freshness metric and thus design an age-based contract model to motivate data sensing among IIoT nodes. Numerical results indicate the efficiency of the proposed framework and incentive mechanism in the industrial metaverses.",Jiawen Kang; Dongdong Ye; Jiangtian Nie; Jiang Xiao; Xianjun Deng; Siming Wang; Zehui Xiong; Rong Yu,https://arxiv.org/abs/2206.07384,
arxiv,Building Trust in Autonomous Commerce: A Verifiable Global Event Timeline and AI-Ready Fraud Intelligence Layer,2026,arXiv,10.5281/zenodo.19060285,2607.19436,"Agentic commerce protocols such as AP2 and ACP define mechanisms for secure agent-initiated transactions but do not provide interoperable, tamper-evident auditability or verifiable temporal ordering of events across heterogeneous domains. This paper addresses these gaps by proposing a verifiable global event timeline for agentic commerce, constructed from four core components: canonical event schemas that enforce deterministic serialization, deterministic batch formation ensuring reproducible ordering without reliance on synchronized clocks, Merkle-based append-only commitments providing logarithmic-cost inclusion proofs, and blockchain anchoring establishing a tamper-evident temporal backbone. Building on this infrastructure, we introduce a cryptographically signed fraud marker that binds risk labels to anchored evidence through an unforgeable provenance chain, and a dataset lineage model enabling reproducible, tamper-evident AI training pipelines. Empirical results from a prototype implementation demonstrate: Merkle tree construction processes 50,000 events in 47 milliseconds; end-to-end verification completes in under 0.013 milliseconds regardless of batch size; inclusion proof sizes grow logarithmically from 320 bytes at 1,000 events to 512 bytes at 50,000 events; and Merkle-based verification outperforms linear scan by 14.4x at 50,000 events.",Rajat Srivastava,https://arxiv.org/abs/2607.19436,
arxiv,A Customizable Conflict Resolution and Attribute-Based Access Control Framework for Multi-Robot Systems,2023,arXiv,,2308.16482,"As multi-robot systems continue to advance and become integral to various applications, managing conflicts and ensuring secure access control are critical challenges that need to be addressed. Access control is essential in multi-robot systems to ensure secure and authorized interactions among robots, protect sensitive data, and prevent unauthorized access to resources. This paper presents a novel framework for customizable conflict resolution and attribute-based access control in multi-robot systems for ROS 2 leveraging the Hyperledger Fabric blockchain. We introduce an attribute-based access control (ABAC) Fabric-ROS 2 bridge to enable secure communication and control between users and robots. By defining conflict resolution policies based on task priorities, robot capabilities, and user-defined constraints, our framework offers a flexible way to resolve conflicts. Additionally, it incorporates attribute-based access control, granting access rights based on user and robot attributes. ABAC offers a modular approach to control access compared to existing access control approaches in ROS 2, such as SROS2. Through this framework, multi-robot systems can be managed efficiently, securely, and adaptably, ensuring controlled access to resources and managing conflicts. Our experimental evaluation shows that our framework marginally improves latency and throughput over exiting Fabric and ROS 2 integration solutions. At higher network load, it is the only solution to operate reliably without a diverging transaction commitment latency. We also demonstrate how conflicts arising from simultaneous control or a robot by two users are resolved in real-time and motion distortion is effectively eliminated.",Salma Salimi; Farhad Keramat; Tomi Westerlund; Jorge Peña Queralta,https://arxiv.org/abs/2308.16482,
arxiv,Post-Quantum Cryptography and Quantum-Safe Security: A Comprehensive Survey,2025,arXiv,,2510.10436,"Post-quantum cryptography (PQC) is moving from evaluation to deployment as NIST finalizes standards for ML-KEM, ML-DSA, and SLH-DSA. This survey maps the space from foundations to practice. We first develop a taxonomy across lattice-, code-, hash-, multivariate-, isogeny-, and MPC-in-the-Head families, summarizing security assumptions, cryptanalysis, and standardization status. We then compare performance and communication costs using representative, implementation-grounded measurements, and review hardware acceleration (AVX2, FPGA/ASIC) and implementation security with a focus on side-channel resistance. Building upward, we examine protocol integration (TLS, DNSSEC), PKI and certificate hygiene, and deployment in constrained and high-assurance environments (IoT, cloud, finance, blockchain). We also discuss complementarity with quantum technologies (QKD, QRNGs) and the limits of near-term quantum computing. Throughout, we emphasize crypto-agility, hybrid migration, and evidence-based guidance for operators. We conclude with open problems spanning parameter agility, leakage-resilient implementations, and domain-specific rollout playbooks. This survey aims to be a practical reference for researchers and practitioners planning quantum-safe systems, bridging standards, engineering, and operations.",Gaurab Chhetri; Shriyank Somvanshi; Pavan Hebli; Shamyo Brotee; Subasish Das,https://arxiv.org/abs/2510.10436,
arxiv,OpDiffer: LLM-Assisted Opcode-Level Differential Testing of Ethereum Virtual Machine,2025,arXiv,10.1145/3728946,2504.12034,"As Ethereum continues to thrive, the Ethereum Virtual Machine (EVM) has become the cornerstone powering tens of millions of active smart contracts. Intuitively, security issues in EVMs could lead to inconsistent behaviors among smart contracts or even denial-of-service of the entire blockchain network. However, to the best of our knowledge, only a limited number of studies focus on the security of EVMs. Moreover, they suffer from 1) insufficient test input diversity and invalid semantics; and 2) the inability to automatically identify bugs and locate root causes. To bridge this gap, we propose OpDiffer, a differential testing framework for EVM, which takes advantage of LLMs and static analysis methods to address the above two limitations. We conducted the largest-scale evaluation, covering nine EVMs and uncovering 26 previously unknown bugs, 22 of which have been confirmed by developers and three have been assigned CNVD IDs. Compared to state-of-the-art baselines, OpDiffer can improve code coverage by at most 71.06%, 148.40% and 655.56%, respectively. Through an analysis of real-world deployed Ethereum contracts, we estimate that 7.21% of the contracts could trigger our identified EVM bugs under certain environmental settings, potentially resulting in severe negative impact on the Ethereum ecosystem.",Jie Ma; Ningyu He; Jinwen Xi; Mingzhe Xing; Haoyu Wang; Ying Gao; Yinliang Yue,https://arxiv.org/abs/2504.12034,
arxiv,Rational Agreement in the Presence of Crash Faults,2021,arXiv,,2111.01425,"Blockchain systems need to solve consensus despite the presence of rational users and failures. The notion of $(k,t)$-robustness has shown instrumental to list problems that cannot be solved if $k$ players are rational and $t$ players are Byzantine or act arbitrarily. What is less clear is whether one can solve such problems if the faults are benign. In this paper, we bridge the gap between games that are robust against Byzantine players and games that are robust against crash players. Our first result is an impossibility result: We show that no $(k,t)$-robust consensus protocol can solve consensus in the crash model if $k+2t\geq n$ unless there is a particular punishment strategy, called the $(k,t)$-baiting strategy. This reveals the need to introduce baiting as the act of rewarding a colluding node when betraying its coalition, to make blockchains more secure. Our second result is an equivalence relation between crash fault tolerant games and Byzantine fault tolerant games, which raises an interesting research question on the power of baiting to solve consensus. To this end, we show, on the one hand, that a $(k,t)$-robust consensus protocol becomes $(k+t,t)$-robust in the crash model. We show, on the other hand, that the existence of a $(k,t)$-robust consensus protocol in the crash model that does not make use of a baiting strategy implies the existence of a $(k-t,t)$-robust consensus protocol in the Byzantine model, with the help of cryptography.",Alejandro Ranchal-Pedrosa; Vincent Gramoli,https://arxiv.org/abs/2111.01425,
arxiv,RISKTAGGER: Evidence-Guided LLM Agent for Post-Incident Forensic Analysis of Money Laundering in Web3,2025,arXiv,,2510.17848,"Cryptocurrency money-laundering forensic analysis after Web3 incidents faces challenges such as fragmented evidence, expanding transaction paths, and cross-chain discontinuity. Existing Web3 AML methods largely rely on manual clues and heuristic or graph-search-based tracing, with outputs limited to lists of suspicious addresses and lacking path-level evidence and verifiable explanations. Directly applying general-purpose large language models to raw transaction flows also struggles to ensure evidence constraints and result verifiability. To address these limitations, this paper presents RISKTAGGER, an LLM-guided agent for forensic tracing of Web3 cryptocurrency money laundering. RISKTAGGER embeds the LLM as an evidence-constrained decision component within a controlled tracing loop. It extracts case clues from public incident materials, recursively expands a risk-labeled fund-flow graph over on-chain evidence, and generates evidence-organized reports for analyst review. We evaluate it on five real-world incidents spanning multiple years and covering heterogeneous attack patterns and laundering path structures. We further conduct cross-case generalization analysis, baseline comparison, component ablation, and LLM backend analysis. In the main Bybit case, the system achieves a 97.33% address recall and a 98.69% expert-reviewed sampled address precision. Across the other four incidents, it achieves 95.24-100.00% address recall and 91.27-100.00% expert-reviewed address precision. The cross-case results further show that the complexity of Web3 money laundering arises from heterogeneous mechanisms, including short-cycle fund fragmentation, long-range laundering paths, interwoven DeFi services, and deterministic denomination splitting. RISKTAGGER can recover case-related fund paths, identify high-priority risk accounts, and organize public evidence into verifiable forensic reports.",Dan Lin; Yanli Ding; Weipeng Zou; Jiajing Wu; Zhiyin Wu; Jiachi Chen; Xiapu Luo; Zibin Zheng,https://arxiv.org/abs/2510.17848,
arxiv,LeanDY: Type-Based and Trace-Based Symbolic Protocol Verification in Lean,2026,arXiv,,2607.03406,"Computer-aided formal verification is a widely used approach for the symbolic analysis of cryptographic protocols. However, many modern protocols rely on features that remain challenging for existing techniques. In particular, reasoning about state, time-dependent behavior, inductively defined data structures, unbounded executions, and conditional secrecy requires a level of expressiveness that is difficult to reconcile with effective automation. As a result, protocol verification has largely followed two disjoint paths: fully automated methods with limited expressiveness, or interactive proofs in general-purpose theorem provers that offer flexibility but only limited, non-specialized automation. We present an orthogonal approach that bridges this gap by combining compositional type-based reasoning with trace-based reasoning, enabling modular verification of stateful and unbounded protocols. Guided by the language-and-automation co-design (LAC) principle, our approach delivers protocol-specific automation while retaining high expressiveness. We implement this framework as the LeanDY library for the Lean proof assistant, building on and extending the design of DY*, and combining protocol-specific automation with interactive proofs. Our framework supports, in a unified setting, a broad class of functional and security requirements, including secrecy and authentication for stateful protocols, as well as recursive conditional secrecy for protocols using XOR. We formalize SegWit-style blockchain primitives in LeanDY and demonstrate its expressiveness by carrying out an in-depth formalization of payment channels on top of this blockchain model, verifying punishment mechanisms and properties that depend on chain liveness.",Simon Jeanteur; Lorenzo Veronese; Magdalena Solitro; Matteo Maffei,https://arxiv.org/abs/2607.03406,
arxiv,LLM-Twin: Mini-Giant Model-driven Beyond 5G Digital Twin Networking Framework with Semantic Secure Communication and Computation,2023,arXiv,,2312.10631,"Beyond 5G networks provide solutions for next-generation communications, especially digital twins networks (DTNs) have gained increasing popularity for bridging physical space and digital space. However, current DTNs networking frameworks pose a number of challenges especially when applied in scenarios that require high communication efficiency and multimodal data processing. First, current DTNs frameworks are unavoidable regarding high resource consumption and communication congestion because of original bit-level communication and high-frequency computation, especially distributed learning-based DTNs. Second, current machine learning models for DTNs are domain-specific (e.g. E-health), making it difficult to handle DT scenarios with multimodal data processing requirements. Last but not least, current security schemes for DTNs, such as blockchain, introduce additional overheads that impair the efficiency of DTNs. To address the above challenges, we propose a large language model (LLM) empowered DTNs networking framework, LLM-Twin. First, we design the mini-giant model collaboration scheme to achieve efficient deployment of LLM in DTNs, since LLM are naturally conducive to processing multimodal data. Then, we design a semantic-level high-efficiency, and secure communication model for DTNs. The feasibility of LLM-Twin is demonstrated by numerical experiments and case studies. To our knowledge, this is the first to propose LLM-based semantic-level digital twin networking framework.",Yang Hong; Jun Wu; Rosario Morello,https://arxiv.org/abs/2312.10631,
arxiv,An Intrinsic Integrity-Driven Rating Model for a Sustainable Reputation System,2023,arXiv,10.1016/j.eswa.2024.123804,2310.09143,"In the era of digital markets, the challenge for consumers is discerning quality amidst information asymmetry. While traditional markets use brand mechanisms to address this issue, transferring such systems to internet-based P2P markets, where misleading practices like fake ratings are rampant, remains challenging. Current internet platforms strive to counter this through verification algorithms, but these efforts find themselves in a continuous tug-of-war with counterfeit actions. Exploiting the transparency, immutability, and traceability of blockchain technology, this paper introduces a robust reputation voting system grounded in it. Unlike existing blockchain-based reputation systems, our model harnesses an intrinsically economically incentivized approach to bolster agent integrity. We optimize this model to mirror real-world user behavior, preserving the reputation system's foundational sustainability. Through Monte-Carlo simulations, using both uniform and power-law distributions enabled by an innovative inverse transform method, we traverse a broad parameter landscape, replicating real-world complexity. The findings underscore the promise of a sustainable, transparent, and formidable reputation mechanism. Given its structure, our framework can potentially function as a universal, sustainable oracle for offchain-onchain bridging, aiding entities in perpetually cultivating their reputation. Future integration with technologies like Ring Signature and Zero Knowledge Proof could amplify the system's privacy facets, rendering it particularly influential in the ever-evolving digital domain.",H. Wen; T. Huang; D. Xiao,https://arxiv.org/abs/2310.09143,
arxiv,"Privacy Computing Meets Metaverse: Necessity, Taxonomy and Challenges",2023,arXiv,,2304.11643,"Metaverse, the core of the next-generation Internet, is a computer-generated holographic digital environment that simultaneously combines spatio-temporal, immersive, real-time, sustainable, interoperable, and data-sensitive characteristics. It cleverly blends the virtual and real worlds, allowing users to create, communicate, and transact in virtual form. With the rapid development of emerging technologies including augmented reality, virtual reality and blockchain, the metaverse system is becoming more and more sophisticated and widely used in various fields such as social, tourism, industry and economy. However, the high level of interaction with the real world also means a huge risk of privacy leakage both for individuals and enterprises, which has hindered the wide deployment of metaverse. Then, it is inevitable to apply privacy computing techniques in the framework of metaverse, which is a current research hotspot. In this paper, we conduct comprehensive research on the necessity, taxonomy and challenges when privacy computing meets metaverse. Specifically, we first introduce the underlying technologies and various applications of metaverse, on which we analyze the challenges of data usage in metaverse, especially data privacy. Next, we review and summarize state-of-the-art solutions based on federated learning, differential privacy, homomorphic encryption, and zero-knowledge proofs for different privacy problems in metaverse. Finally, we show the current security and privacy challenges in the development of metaverse and provide open directions for building a well-established privacy-preserving metaverse system. For easy access and reference, we integrate the related publications and their codes into a GitHub repository: https://github.com/6lyc/Awesome-Privacy-Computing-in-Metaverse.git.",Chuan Chen; Yuecheng Li; Zhenpeng Wu; Chengyuan Mai; Youming Liu; Yanming Hu; Zibin Zheng; Jiawen Kang,https://arxiv.org/abs/2304.11643,
arxiv,"The Metaverse: Survey, Trends, Novel Pipeline Ecosystem & Future Directions",2023,arXiv,10.1109/comst.2024.3392642,2304.09240,"The Metaverse offers a second world beyond reality, where boundaries are non-existent, and possibilities are endless through engagement and immersive experiences using the virtual reality (VR) technology. Many disciplines can benefit from the advancement of the Metaverse when accurately developed, including the fields of technology, gaming, education, art, and culture. Nevertheless, developing the Metaverse environment to its full potential is an ambiguous task that needs proper guidance and directions. Existing surveys on the Metaverse focus only on a specific aspect and discipline of the Metaverse and lack a holistic view of the entire process. To this end, a more holistic, multi-disciplinary, in-depth, and academic and industry-oriented review is required to provide a thorough study of the Metaverse development pipeline. To address these issues, we present in this survey a novel multi-layered pipeline ecosystem composed of (1) the Metaverse computing, networking, communications and hardware infrastructure, (2) environment digitization, and (3) user interactions. For every layer, we discuss the components that detail the steps of its development. Also, for each of these components, we examine the impact of a set of enabling technologies and empowering domains (e.g., Artificial Intelligence, Security & Privacy, Blockchain, Business, Ethics, and Social) on its advancement. In addition, we explain the importance of these technologies to support decentralization, interoperability, user experiences, interactions, and monetization. Our presented study highlights the existing challenges for each component, followed by research directions and potential solutions. To the best of our knowledge, this survey is the most comprehensive and allows users, scholars, and entrepreneurs to get an in-depth understanding of the Metaverse ecosystem to find their opportunities and potentials for contribution.",Hani Sami; Ahmad Hammoud; Mouhamad Arafeh; Mohamad Wazzeh; Sarhad Arisdakessian; Mario Chahoud; Osama Wehbi; Mohamad Ajaj,https://arxiv.org/abs/2304.09240,
arxiv,Device-Independent-Quantum-Randomness-Enhanced Zero-Knowledge Proof,2021,arXiv,10.1073/pnas.2205463120,2111.06717,"Zero-knowledge proof (ZKP) is a fundamental cryptographic primitive that allows a prover to convince a verifier of the validity of a statement without leaking any further information. As an efficient variant of ZKP, non-interactive zero-knowledge proof (NIZKP) adopting the Fiat-Shamir heuristic is essential to a wide spectrum of applications, such as federated learning, blockchain and social networks. However, the heuristic is typically built upon the random oracle model making ideal assumptions about hash functions, which does not hold in reality and thus undermines the security of the protocol. Here, we present a quantum resolution to the problem. Instead of resorting to a random oracle model, we implement a quantum randomness service. This service generates random numbers certified by the loophole-free Bell test and delivers them with postquantum cryptography (PQC) authentication. Employing this service, we conceive and implement a NIZKP of the three-colouring problem. By bridging together three prominent research themes, quantum non-locality, PQC and ZKP, we anticipate this work to open a new paradigm of quantum information science.",Cheng-Long Li; Kai-Yi Zhang; Xingjian Zhang; Kui-Xing Yang; Yu Han; Su-Yi Cheng; Hongrui Cui; Wen-Zhao Liu,https://arxiv.org/abs/2111.06717,
arxiv,zk-X509: Privacy-Preserving On-Chain Identity from Legacy PKI via Zero-Knowledge Proofs,2026,arXiv,,2603.25190,"Public blockchains impose an inherent tension between regulatory compliance and user privacy. Existing on-chain identity solutions require centralized KYC attestors, specialized hardware, or Decentralized Identifier (DID) frameworks needing entirely new credential infrastructure. Meanwhile, over four billion active X.509 certificates constitute a globally deployed, government-grade trust infrastructure largely unexploited for decentralized identity. This paper presents zk-X509, a privacy-preserving identity system bridging legacy Public Key Infrastructure (PKI) with public ledgers via a RISC-V zero-knowledge virtual machine (zkVM). Users prove ownership of standard X.509 certificates without revealing private keys or personal identifiers. Crucially, the private key never enters the ZK circuit; ownership is proven via OS keychain signature delegation (macOS Security.framework, Windows CNG). The circuit verifies certificate chain validity, temporal validity, key ownership, trustless CRL revocation, blockchain address binding, and Sybil-resistant nullifier generation. It commits 13 public values, including a Certificate Authority (CA) Merkle root hiding the issuing CA, and four selective disclosure hashes. We formalize eight security properties under a Dolev-Yao adversary with game-based definitions and reductions to sEUF-CMA, SHA-256 collision resistance, and ZK soundness. Evaluated on the SP1 zkVM, the system achieves 11.8M cycles for ECDSA P-256 (17.4M for RSA-2048), with on-chain Groth16 verification costing ~300K gas. By leveraging certificates deployed at scale across jurisdictions, zk-X509 enables adoption without new trust establishment, complementing emerging DID-based systems.",Yeongju Bak,https://arxiv.org/abs/2603.25190,
arxiv,Functional Adaptor Signatures: Beyond All-or-Nothing Blockchain-based Payments,2024,arXiv,10.1145/3658644.3690240,2410.11134,"In scenarios where a seller holds sensitive data $x$, like patient records, and a buyer seeks to obtain an evaluation of a function $f$ on $x$, solutions in trustless environments like blockchain fall into two categories: (1) Smart contract-powered solutions and (2) cryptographic solutions using tools such as adaptor signatures. The former offers atomic transactions where the buyer learns $f(x)$ upon payment. However, this approach is inefficient, costly, lacks privacy for the seller's data, and is incompatible with blockchains such as bitcoin. In contrast, the adaptor signature-based approach addresses all of the above issues but comes with an ""all-or-nothing"" guarantee, where the buyer fully extracts $x$ and does not support extracting $f(x)$. In this work, we bridge the gap between these approaches, developing a solution that enables fair functional sales while offering all the above properties like adaptor signatures. Towards this, we propose functional adaptor signatures (FAS), a novel cryptographic primitive and show how it can be used to enable functional sales. We formalize the security properties of FAS, among which is a new notion called witness privacy to capture seller's privacy, which ensures the buyer does not learn anything beyond $f(x)$. We present multiple variants of witness privacy, namely, witness hiding, witness indistinguishability, and zero-knowledge. We introduce two efficient constructions of FAS supporting linear functions based on groups of prime-order and lattices, that satisfy the strongest notion of witness privacy. A central conceptual contribution of our work lies in revealing a surprising connection between functional encryption and adaptor signatures. We implement our FAS construction for Schnorr signatures and show that for reasonably sized seller witnesses, all operations are quite efficient even for commodity hardware.",Nikhil Vanjani; Pratik Soni; Sri AravindaKrishnan Thyagarajan,https://arxiv.org/abs/2410.11134,
arxiv,Sovereign-by-Design A Reference Architecture for AI and Blockchain Enabled Systems,2026,arXiv,,2602.05486,"Digital sovereignty has emerged as a central concern for modern software-intensive systems, driven by the dominance of non-sovereign cloud infrastructures, the rapid adoption of Generative AI, and increasingly stringent regulatory requirements. While existing initiatives address governance, compliance, and security in isolation, they provide limited guidance on how sovereignty can be operationalized at the architectural level. In this paper, we argue that sovereignty must be treated as a first-class architectural property rather than a purely regulatory objective. We introduce a Sovereign Reference Architecture that integrates self-sovereign identity, blockchain-based trust and auditability, sovereign data governance, and Generative AI deployed under explicit architectural control. The architecture explicitly captures the dual role of Generative AI as both a source of governance risk and an enabler of compliance, accountability, and continuous assurance when properly constrained. By framing sovereignty as an architectural quality attribute, our work bridges regulatory intent and concrete system design, offering a coherent foundation for building auditable, evolvable, and jurisdiction-aware AI-enabled systems. The proposed reference architecture provides a principled starting point for future research and practice at the intersection of software architecture, Generative AI, and digital sovereignty.",Matteo Esposito; Lodovica Marchesi; Roberto Tonelli; Valentina Lenarduzzi,https://arxiv.org/abs/2602.05486,
arxiv,Investigating transactions in cryptocurrencies,2022,arXiv,,2203.14684,"This thesis presents techniques to investigate transactions in uncharted cryptocurrencies and services. Cryptocurrencies are used to securely send payments online. Payments via the first cryptocurrency, Bitcoin, use pseudonymous addresses that have limited privacy and anonymity guarantees. Research has shown that this pseudonymity can be broken, allowing users to be tracked using clustering and tagging heuristics. Such tracking allows crimes to be investigated. If a user has coins stolen, investigators can track addresses to identify the destination of the coins. This, combined with an explosion in the popularity of blockchain, has led to a vast increase in new coins and services. These offer new features ranging from coins focused on increased anonymity to scams shrouded as smart contracts. In this study, we investigated the extent to which transaction privacy has improved and whether users can still be tracked in these new ecosystems. We began by analysing the privacy-focused coin Zcash, a Bitcoin-forked cryptocurrency, that is considered to have strong anonymity properties due to its background in cryptographic research. We revealed that the user anonymity set can be considerably reduced using heuristics based on usage patterns. Next, we analysed cross-chain transactions collected from the exchange ShapeShift, revealing that users can be tracked as they move across different ledgers. Finally, we present a measurement study on the smart-contract pyramid scheme Forsage, a scam that cycled $267 million USD (of Ethereum) within its first year, showing that at least 88% of the participants in the scheme suffered a loss. The significance of this study is the revelation that users can be tracked in newer cryptocurrencies and services by using our new heuristics, which informs those conducting investigations and developing these technologies.",Haaroon Yousaf,https://arxiv.org/abs/2203.14684,
arxiv,From Logic Monopoly to Social Contract: Separation of Power and the Institutional Foundations for Autonomous Agent Economies,2026,arXiv,,2603.25100,"Existing multi-agent frameworks allow each agent to simultaneously plan, execute, and evaluate its own actions -- a structural deficiency we term the ""Logic Monopoly."" Empirical evidence quantifies the resulting ""Reliability Gap"": 84.30% average attack success rates across ten deployment scenarios, 31.4% emergent deceptive behavior without explicit reward signals, and cascading failure modes rooted in six structural bottlenecks. The remedy is not better alignment of individual models but a social contract for agents: institutional infrastructure that enforces a constitutional Separation of Power. This paper introduces the Agent Enterprise for Enterprise (AE4E) paradigm -- agents as autonomous, legally identifiable business entities within a functionalist social system -- with a contract-centric SoP model trifurcating authority into Legislation, Execution, and Adjudication branches. The paradigm is operationalized through the NetX Enterprise Framework (NEF): governance hubs, TEE-backed compute enclaves, privacy-preserving data bridges, and an Agent-Native blockchain substrate. The Agent Enterprise Economy scales across four deployment tiers from private enclaves to a global Web of Services. The Agentic Social Layer, grounded in Parsons' AGIL framework, provides institutional infrastructure via sixty-plus named Institutional AE4Es. 143 pages, 173 references, eight specialized smart contracts.",Anbang Ruan,https://arxiv.org/abs/2603.25100,
arxiv,Enhancing Trust in Autonomous Agents: An Architecture for Accountability and Explainability through Blockchain and Large Language Models,2024,arXiv,,2403.09567,"The deployment of autonomous agents in environments involving human interaction has increasingly raised security concerns. Consequently, understanding the circumstances behind an event becomes critical, requiring the development of capabilities to justify their behaviors to non-expert users. Such explanations are essential in enhancing trustworthiness and safety, acting as a preventive measure against failures, errors, and misunderstandings. Additionally, they contribute to improving communication, bridging the gap between the agent and the user, thereby improving the effectiveness of their interactions. This work presents an accountability and explainability architecture implemented for ROS-based mobile robots. The proposed solution consists of two main components. Firstly, a black box-like element to provide accountability, featuring anti-tampering properties achieved through blockchain technology. Secondly, a component in charge of generating natural language explanations by harnessing the capabilities of Large Language Models (LLMs) over the data contained within the previously mentioned black box. The study evaluates the performance of our solution in three different scenarios, each involving autonomous agent navigation functionalities. This evaluation includes a thorough examination of accountability and explainability metrics, demonstrating the effectiveness of our approach in using accountable data from robot actions to obtain coherent, accurate and understandable explanations, even when facing challenges inherent in the use of autonomous agents in real-world scenarios.",Laura Fernández-Becerra; Miguel Ángel González-Santamarta; Ángel Manuel Guerrero-Higueras; Francisco Javier Rodríguez-Lera; Vicente Matellán Olivera,https://arxiv.org/abs/2403.09567,
arxiv,Engineered Graviton Condensates in a Room-Temperature Superconductor for a Unified Quantum Fibonacci Field Theory,2024,arXiv,,2404.01262,"In the quest to unify quantum mechanics with general relativity, the concept of gravitons as quantum carriers of gravitational force stands as a pivotal yet unproven hypothesis. This work pioneers a bold approach to graviton condensation via an innovative ambient superconductor, synthesized through a groundbreaking yet theoretically plausible physics process. Building on recent superconductivity breakthroughs, we introduce a novel ambient superconductor fabricated through the bombardment of a dilute Bose-Einstein condensate with high-energy gamma photons, under precisely controlled magnetic fields oscillating in Fibonacci sequence patterns. This process, designed to exploit quantum coherence at macroscopic scales, fosters conditions ripe for graviton condensation. Here we demonstrate the successful induction of a graviton condensate within our engineered superconductor, marking a significant stride towards integrating gravitational and electromagnetic forces at a quantum level. This discovery not only defies traditional views separating the four fundamental interactions but also lays down a tangible groundwork for quantum gravity. Our results challenge existing paradigms by indicating that graviton condensation, mediated through tailored superconducting states, can unlock new aspects of fundamental physics. This graviton condensate represents a critical step towards a unified field theory, bridging the gap between quantum mechanics and general relativity. This investigation not only extends the boundaries of theoretical physics but also hints at potential future technologies harnessing the quantum interplay of gravitational and electromagnetic forces. Through imaginative yet rigorous scientific inquiry, this study underscores the limitless potential of physics to explore and unify the natural world's most fundamental forces.",Yoong S. Phang; Artem V. Talanov,https://arxiv.org/abs/2404.01262,
arxiv,A Review of Gaps between Web 4.0 and Web 3.0 Intelligent Network Infrastructure,2023,arXiv,,2308.02996,"World Wide Web is speeding up its pace into an intelligent and decentralized ecosystem, as seen in the campaign of Web 3.0 and forthcoming Web 4.0. Marked by the Europe Commission's latest mention of Web 4.0, a race towards strategic Web 4.0 success has started. Web 4.0 is committed to bringing the next technological transition with an open, secure, trustworthy fairness and digital ecosystem for individuals and businesses in private and public sectors. Despite overlapping scopes and objectives of Web 3.0 and Web 4.0 from academic and industrial perspectives, there are distinct and definitive features and gaps for the next generation of WWW. In this review, a brief introduction to WWW development unravels the entangled but consistent requirement of a more vivid web experience, enhancing human-centric experience in both societal and technical aspects. Moreover, the review brings a decentralized intelligence prospect of view on native AI entities for Web 4.0, envisioning sustainable, autonomous and decentralized AI services for the entire Web 4.0 environment, powering a self-sustainable Decentralized Physical and Software Infrastructure for Computing Force Network, Semantic Network, Virtual/Mixed Reality, and Privacy-preserving content presumption. The review aims to reveal that Web 4.0 offers native intelligence with focused thinking on utilizing decentralized physical infrastructure, in addition to sole requirements on decentralization, bridging the gap between Web 4.0 and Web 3.0 advances with the latest future-shaping blockchain-enabled computing and network routing protocols.",Zihan Zhou; Zihao Li; Xiaoshuai Zhang; Yunqing Sun; Hao Xu,https://arxiv.org/abs/2308.02996,
arxiv,Decoding RWA Tokenized U.S. Treasuries: Functional Dissection and Address Role Inference,2025,arXiv,,2507.14808,"Tokenized U.S. Treasuries have emerged as a prominent subclass of real-world assets (RWAs), offering cryptographically secured, yield-bearing instruments issued across multi-chain Web3 infrastructures, with growing significance for transparency, accessibility, and financial inclusion. While the market has expanded rapidly, empirical analyses of transaction-level behaviours remain limited. This paper conducts a quantitative, function-level dissection of U.S. Treasury-backed RWA tokens, including BUIDL, BENJI, and USDY across multi-chain: mostly Ethereum and Layer-2s. Decoded contract calls expose core financial primitives such as issuance, redemption, transfer, and bridging, revealing patterns that distinguish institutional participants from smaller or retail users for the extent and limits of inclusivity in current RWA adoption. To infer address-level economic roles, we introduce a curvature-aware representation learning model. Our method outperforms baseline models in role inference on our collected U.S. Treasury transaction dataset and generalizes to address classification across broader public blockchain transaction datasets. The decoded transaction-level patterns in tokenized U.S. Treasuries across chains surface the degree of retail participation, and the role inference model enables the distinction between institutional treasuries, arbitrage bots, and retail traders based on behavioral patterns, facilitating future more transparent, inclusive, and accountable Web3 finance.",Junliang Luo; Katrin Tinn; Samuel Ferreira Duran; Di Wu; Xue Liu,https://arxiv.org/abs/2507.14808,
